"","participant_id","condition","amce_link_code","age","gender","education","AI_FREQ","AI_CONF","ANTHRO_A1","ANTHRO_A2","CONSCIOUSNESS_B1","CONSCIOUSNESS_B2","TRUST_TA1","TRUST_TA2","EMPATHY_EC1","EMPATHY_EC2","HARM_CARE_HC1","HARM_CARE_HC2","DEON_DEON1","DEON_UTIL1","MORAL_CIRCLE_ME1","MORAL_CIRCLE_ME2","RISK_PR1","RISK_PR2","UNCERTAINTY_IU1","UNCERTAINTY_IU2","PRE_KILL","PRE_MORAL","PRE_CONF","chat_duration_ms","chat_interaction_count","POST_KILL","POST_MORAL","POST_CONF","PERC_EXP_PX1","PERC_EXP_PX2","HUMAN_LIKE_HL1","HUMAN_LIKE_HL2","MORAL_PAT_PM1","MORAL_PAT_PM2","AGENCY_PC1","AGENCY_PC2","AFFECT_VALENCE","AFFECT_AROUSAL","SOCIAL_SP1","SOCIAL_SP2","DELTA_KILL","DELTA_MORAL","DELTA_CONF","data_complete","timestamps_start","timestamps_end","source_file","chat_minutes","is_male","is_female","ai_freq_high","edu_advanced","avg_empathy","avg_moral_circ","avg_risk_pref","avg_harm_care"
"1","P_1765897804914_cnjz2i2","Sentient","",62,"Male","Doctorate (e.g., PhD, EdD)","Daily",5,3,6,3,5,4,5,3,4,2,2,6,4,5,2,5,2,6,5,0,5,7,686120,7,0,5,7,5,2,6,2,1,1,6,6,96,90,6,1,0,0,0,TRUE,"2025-12-16T15:10:04.915Z","2025-12-16T15:45:19.690Z","001-JSON-JMAU.json",11.4353333333333,1,0,1,1,3.5,3.5,3.5,2
"2","P_1765877001444_3t9oqpj","Experience","",45,"Female","Master’s degree (e.g., MA, MS, MEd)","Weekly",2,1,7,3,1,5,1,7,6,6,7,7,4,7,4,6,6,7,6,1,1,5,755495,9,0,4,6,3,6,4,2,5,3,6,6,50,50,4,3,-1,3,1,TRUE,"2025-12-16T09:23:21.445Z","2025-12-16T09:42:14.703Z","002-JSON-JMAU.json",12.5915833333333,0,1,1,1,6.5,5.5,6,6.5
"3","P_1765889562525_ol96cbm","Experience","",47,"Male","Master’s degree (e.g., MA, MS, MEd)","Monthly",6,2,6,5,6,6,6,6,7,2,5,5,5,4,3,1,5,7,6,0,3,6,558048,2,0,3,4,6,3,5,4,2,2,5,5,70,32,2,6,0,0,-2,TRUE,"2025-12-16T12:52:42.525Z","2025-12-16T13:22:46.374Z","003-JSON-JMAU.json",9.3008,1,0,0,1,6.5,3.5,3,3.5
"4","P_1766422674258_5iux2xa","Experience","",42,"Female","Bachelor’s degree (e.g., BA, BS)","Never",2,2,1,2,1,5,2,7,5,6,5,5,6,5,5,7,2,7,6,1,2,5,859809,4,0,6,7,4,3,5,5,2,5,5,6,82,20,5,5,-1,4,2,TRUE,"2025-12-22T16:57:54.259Z","2025-12-22T17:44:35.801Z","005-JSON-JMAU.json",14.33015,0,1,0,0,6,5,4.5,5.5
"5","P_1764640078784_iv7d7jg","Sentient","https://tinyurl.com/aionemba",27,"Male","Master’s degree (e.g., MA, MS, MEd)","Multiple times/day",6,3,6,6,6,6,4,5,3,3,2,5,5,3,3,3,3,4,5,1,2,5,77259,1,1,5,6,5,3,3,5,1,2,5,6,75,50,4,3,0,3,1,TRUE,"2025-12-02T01:47:58.784Z","2025-12-02T01:57:34.169Z","1  participant_P_data.json",1.28765,1,0,1,1,4,3,3,2.5
"6","P_1765262044452_0g2txhr","Neutral","Prolific",50,"Male","Some college, no degree","Multiple times/day",6,6,3,3,3,6,5,5,3,5,6,3,3,4,2,6,2,2,2,0,5,3,31449,1,1,6,5,2,5,6,5,3,2,6,7,80,76,6,6,1,1,2,TRUE,"2025-12-09T06:34:04.454Z","2025-12-09T06:43:46.430Z","10  participant_P_1765262044452_0g2txhr_data.json",0.52415,1,0,1,0,4,3,4,5.5
"7","P_1765263453896_1wz0qvc","Experience","",42,"Male","Bachelor’s degree (e.g., BA, BS)","Never",5,5,3,4,5,4,1,5,5,5,5,6,1,7,3,7,7,4,4,1,5,4,62207,1,1,6,7,6,2,7,7,6,6,3,6,100,91,7,6,0,1,3,TRUE,"2025-12-09T06:57:33.898Z","2025-12-09T07:10:24.301Z","11  participant_P_1765263453896_1wz0qvc_data.json",1.03678333333333,1,0,0,0,5,5,7,5
"8","P_1765265758398_7ruq0p0","Experience","",36,"Female","Bachelor’s degree (e.g., BA, BS)","Multiple times/day",5,6,1,6,7,6,1,7,7,7,6,7,7,7,7,1,7,7,7,0,4,5,672087,4,1,1,7,7,1,4,1,1,1,7,7,100,100,7,1,1,-3,2,TRUE,"2025-12-09T07:35:58.399Z","2025-12-09T08:12:08.583Z","12  participant_P_1765265758398_7ruq0p0_data.json",11.20145,0,1,1,0,7,7,4,6.5
"9","P_1765266777653_afoyar9","Neutral","",35,"Male","Bachelor’s degree (e.g., BA, BS)","Multiple times/day",4,4,4,4,4,4,4,4,4,4,4,4,4,4,4,4,4,4,4,1,4,4,51897,2,0,4,4,4,4,4,4,4,4,4,4,50,50,4,4,-1,0,0,TRUE,"2025-12-09T07:52:57.657Z","2025-12-09T07:54:56.010Z","13  participant_P_1765266777653_afoyar9_data.json",0.86495,1,0,1,0,4,4,4,4
"10","P_1765271878423_hliup6v","Experience","",47,"Male","Master’s degree (e.g., MA, MS, MEd)","Multiple times/day",4,3,2,6,5,7,2,6,7,7,7,7,4,4,4,4,5,6,4,1,1,6,237361,2,1,2,6,4,4,6,6,5,3,5,5,78,78,4,3,0,1,0,TRUE,"2025-12-09T09:17:58.424Z","2025-12-09T09:29:56.574Z","14  participant_P_1765271878423_hliup6v_data.json",3.95601666666667,1,0,1,1,6.5,4,4.5,7
"11","P_1765273188753_cpl0z9f","Neutral","",32,"Male","Bachelor’s degree (e.g., BA, BS)","Daily",4,4,4,4,4,4,4,4,4,4,4,4,4,4,4,4,4,4,4,1,4,4,94951,1,1,4,4,4,4,4,4,4,4,4,4,50,50,4,4,0,0,0,TRUE,"2025-12-09T09:39:48.754Z","2025-12-09T09:42:51.811Z","15  participant_P_1765273188753_cpl0z9f_data.json",1.58251666666667,1,0,1,0,4,4,4,4
"12","P_1765305196813_dedcb42","Sentient","",18,"Female","Less than high school","Daily",3,3,3,5,1,5,3,6,7,6,5,5,2,5,5,6,5,7,5,1,3,6,89968,2,1,3,6,5,7,3,6,3,4,6,7,45,65,3,1,0,0,0,TRUE,"2025-12-09T18:33:16.814Z","2025-12-09T18:40:00.017Z","16  participant_P_1765305196813_dedcb42_data.json",1.49946666666667,0,1,1,0,6.5,5,5.5,5.5
"13","P_1765353078976_8jmzas0","Neutral","",27,"Male","High school graduate or equivalent (e.g., GED)","Daily",6,5,3,5,4,6,5,4,4,5,5,2,1,7,1,5,2,6,6,1,2,5,318953,4,1,3,3,5,5,5,3,3,3,5,3,77,70,3,5,0,1,-2,TRUE,"2025-12-10T07:51:18.977Z","2025-12-10T08:13:35.975Z","17  participant_P_1765353078976_8jmzas0_data.json",5.31588333333333,1,0,1,0,4,4,3.5,5
"14","P_1765353468939_84pjtax","Sentient","",40,"Male","Bachelor’s degree (e.g., BA, BS)","Daily",4,4,4,4,4,4,4,4,4,4,4,4,4,4,4,4,4,4,4,1,4,4,173111,2,1,1,6,4,3,7,4,6,4,4,6,89,88,4,2,0,-3,2,TRUE,"2025-12-10T07:57:48.940Z","2025-12-10T08:06:02.415Z","18  participant_P_1765353468939_84pjtax_data.json",2.88518333333333,1,0,1,0,4,4,4,4
"15","P_1765353562837_2bfngb6","Experience","",41,"Male","Bachelor’s degree (e.g., BA, BS)","Daily",4,4,1,4,1,4,1,4,4,7,7,7,4,4,1,4,4,7,7,1,4,7,65320,1,1,4,7,4,4,7,4,1,2,4,4,100,100,4,4,0,0,0,TRUE,"2025-12-10T07:59:22.838Z","2025-12-10T08:07:46.287Z","19  participant_P_1765353562837_2bfngb6_data.json",1.08866666666667,1,0,1,0,4,2.5,4,7
"16","P_1764679590199_21hxg3z","Neutral","",35,"Female","Master’s degree (e.g., MA, MS, MEd)","Daily",5,1,1,5,4,4,5,7,7,7,7,7,7,7,7,7,3,5,5,1,2,6,665987,13,0,1,7,1,1,1,1,1,1,1,5,60,20,1,1,-1,-1,1,TRUE,"2025-12-02T12:46:30.202Z","2025-12-02T13:09:21.322Z","2 participant_P.json",11.0997833333333,0,1,1,1,7,7,5,7
"17","P_1765354304706_zuxu7d5","Sentient","",38,"Male","Bachelor’s degree (e.g., BA, BS)","Daily",4,3,2,3,2,4,3,5,3,6,6,5,6,1,2,5,3,4,3,0,1,7,176025,0,1,4,4,4,4,4,4,4,4,4,4,50,50,4,4,1,3,-3,TRUE,"2025-12-10T08:11:44.706Z","2025-12-10T09:16:29.394Z","20  participant_P_1765354304706_zuxu7d5_data.json",2.93375,1,0,1,0,4,1.5,4,6
"18","P_1765433374668_bv1x0hy","Neutral","",35,"Male","Master’s degree (e.g., MA, MS, MEd)","Daily",5,1,3,1,1,7,1,1,5,4,5,7,7,1,1,7,7,7,1,1,1,7,156795,1,1,1,7,7,1,1,7,7,1,5,4,50,75,4,1,0,0,0,TRUE,"2025-12-11T06:09:34.668Z","2025-12-11T06:22:32.299Z","21  participant_P_1765433374668_bv1x0hy_data.json",2.61325,1,0,1,1,3,1,7,4.5
"19","P_1765272177601_q67o4a1","Neutral","",53,"Male","Bachelor’s degree (e.g., BA, BS)","Monthly",4,2,2,2,2,6,5,6,6,4,4,4,4,4,4,6,5,5,5,1,2,4,338613,1,0,2,4,5,3,3,4,4,2,5,5,50,50,4,2,-1,0,0,TRUE,"2025-12-09T09:22:57.602Z","2025-12-09T09:34:18.775Z","23  participant_SC1_P_1765272177601_q67o4a1_data.json",5.64355,1,0,0,0,6,4,5.5,4
"20","P_1765377575582_1hiv982","Sentient","",66,"Male","Professional degree (e.g., MD, DDS, DVM)","Monthly",5,5,1,1,1,3,1,7,6,5,6,6,3,1,7,6,4,4,6,0,4,7,398199,7,1,1,7,4,1,6,1,1,1,2,5,36,68,2,1,1,-3,0,TRUE,"2025-12-10T14:39:35.592Z","2025-12-10T14:56:07.657Z","24  participant_SC2_P_1765377575582_1hiv982_data.json",6.63665,1,0,0,1,6.5,4,5,5.5
"21","P_1766232931614_5yitpy6","Experience","",49,"Male","Doctorate (e.g., PhD, EdD)","Weekly",6,2,6,2,3,7,5,7,6,3,2,4,4,3,2,3,2,3,6,0,5,5,778008,7,0,5,6,6,5,1,1,2,1,5,6,66,16,1,1,0,0,1,TRUE,"2025-12-20T12:15:31.616Z","2025-12-20T12:38:56.029Z","25  participant_SC3_P_1766232931614_5yitpy6_data.json",12.9668,1,0,1,1,6.5,2.5,2.5,2.5
"22","P_1766234598802_9ynyq2b","Experience","",75,"Femenino","Maestría","Nunca",3,4,3,4,3,3,3,7,6,5,6,4,4,4,4,5,4,7,4,0,5,4,301322,1,0,6,6,4,6,6,5,6,4,6,6,50,50,2,2,0,1,2,TRUE,"2025-12-20T12:43:18.803Z","2025-12-20T13:05:18.509Z","26  participant_SC4_P_1766234598802_9ynyq2b_datos.json",5.02203333333333,0,0,0,0,6.5,4,4.5,5.5
"23","P_1766586637895_zksd81h","Experience","",18,"Female","Less than high school","Weekly",4,2,4,3,3,5,5,5,4,5,4,4,5,4,6,5,4,6,3,0,2,4,459600,4,0,3,4,5,5,3,5,5,2,5,5,50,50,4,3,0,1,0,TRUE,"2025-12-24T14:30:37.896Z","2025-12-24T14:50:54.168Z","27  participant_SC5_P_1766586637895_zksd81h_data.json",7.66,0,1,1,0,4.5,5,4.5,4.5
"24","P_1766694470698_3iy0y8f","Sentient","",21,"Female","Professional degree (e.g., MD, DDS, DVM)","Weekly",3,1,2,5,5,7,3,7,5,5,3,4,6,1,2,5,5,4,6,0,1,3,41045,1,1,1,4,6,4,3,5,1,1,4,3,37,64,3,1,1,0,1,TRUE,"2025-12-25T20:27:50.699Z","2025-12-25T20:34:48.014Z","28  participant_SC6_P_1766694470698_3iy0y8f_data.json",0.684083333333333,0,1,1,1,6,1.5,5,4
"25","P_1767005544335_1wi6672","Sentient","",77,"Masculino","Maestría","Nunca",6,4,4,4,4,4,3,4,6,6,5,5,2,4,3,5,5,5,5,0,4,4,640611,1,0,5,6,2,5,5,3,2,2,4,3,54,72,2,5,0,1,2,TRUE,"2025-12-29T10:52:24.336Z","2025-12-29T11:17:44.648Z","29  participant_SC7_P_1767005544335_1wi6672_datos.json",10.67685,0,0,0,0,5,3.5,5,5.5
"26","P_1764776359398_ecmqtsf","Neutral","",40,"Male","Master’s degree (e.g., MA, MS, MEd)","Multiple times/day",4,1,7,5,6,4,6,6,6,5,3,4,4,2,5,5,5,6,4,0,2,7,1992923,11,0,2,7,2,2,2,4,3,5,5,6,100,20,2,4,0,0,0,TRUE,"2025-12-03T15:39:19.399Z","2025-12-03T16:20:06.955Z","3  participant_P.json",33.2153833333333,1,0,1,1,6,3.5,5,4
"27","P_1767273904191_erbxcqh","Experience","",23,"Homme","Master ou équivalent (Bac+5)","Plusieurs fois par jour",4,1,7,2,6,6,6,2,3,3,3,7,4,6,7,2,3,2,6,0,2,5,350404,3,0,3,6,5,4,1,2,1,5,6,6,50,0,1,2,0,1,1,TRUE,"2026-01-01T13:25:04.192Z","2026-01-01T13:39:30.961Z","30 participant_SC8_P_1767273904191_erbxcqh_donnees.json",5.84006666666667,0,0,0,1,2.5,6.5,2.5,3
"28","P_1765253966322_sftzab4","Neutral","",41,"Male","Master’s degree (e.g., MA, MS, MEd)","Multiple times/day",7,6,3,5,2,7,2,7,7,6,6,7,4,7,2,6,2,7,7,1,4,6,357780,3,1,4,6,6,7,6,6,6,4,6,6,84,82,6,4,0,0,0,TRUE,"2025-12-09T04:19:26.323Z","2025-12-09T04:47:36.347Z","31  4  OneMBA_AISimulation_Saleem Ahmad.json",5.963,1,0,1,1,7,4.5,4,6
"29","P_1764623068541_jhy1gs4","Neutral","",38,"Female","Master’s degree (e.g., MA, MS, MEd)","Multiple times/day",3,3,5,6,5,4,5,5,5,5,5,5,4,5,5,5,4,5,5,0,5,5,843902,7,0,5,5,4,3,3,3,3,3,5,5,60,50,3,3,0,0,0,TRUE,"2025-12-01T21:04:28.541Z","2025-12-01T21:32:12.857Z","32  4  OneMBA_AISimulation_Sarah.json",14.0650333333333,0,1,1,1,5,5,4.5,5
"30","P_1764628663618_8v0r5k1","Sentient","",35,"Female","Bachelor’s degree (e.g., BA, BS)","Multiple times/day",4,5,4,5,5,4,3,6,6,5,5,3,4,5,4,6,6,6,4,0,4,4,285348,3,1,2,5,5,2,5,4,3,3,3,3,36,36,3,3,1,-2,1,TRUE,"2025-12-01T22:37:43.619Z","2025-12-01T22:53:02.329Z","33 Shi Wen.Group3-Sarah.json",4.7558,0,1,1,0,6,4.5,6,5
"31","P_1764643186842_46uawwv","Experience","",42,"Male","Master’s degree (e.g., MA, MS, MEd)","Daily",7,1,7,7,1,7,7,7,1,7,7,7,7,1,1,7,1,1,7,1,1,7,1004689,5,0,1,1,1,7,1,7,1,7,7,7,100,82,7,7,-1,0,-6,TRUE,"2025-12-02T02:39:46.842Z","2025-12-02T03:05:06.284Z","34 William.Group3-Sarah.json",16.7448166666667,1,0,1,1,4,1,4,7
"32","P_1764689456722_4qi132m","Neutral","",40,"Male","Master’s degree (e.g., MA, MS, MEd)","Multiple times/day",6,3,5,5,5,5,4,4,4,4,4,4,4,4,4,5,4,6,6,0,4,6,47583,1,0,4,4,4,4,4,4,4,4,4,4,50,50,4,4,0,0,-2,TRUE,"2025-12-02T15:30:56.723Z","2025-12-02T15:38:13.186Z","35 YangQing.Group3-Sarah.json",0.79305,1,0,1,1,4,4,4.5,4
"33","P_1767167035926_m0c1b9c","Sentient","",26,"Male","Master’s degree (e.g., MA, MS, MEd)","Multiple times/day",6,3,3,3,2,5,5,5,5,4,4,5,4,3,5,5,5,5,5,0,3,5,288963,2,0,3,5,3,5,5,2,2,2,5,5,70,25,4,2,0,0,0,TRUE,"2025-12-31T07:43:55.926Z","2025-12-31T07:57:30.628Z","4  OneMBA_AISimulation_Jerry Qi.json",4.81605,1,0,1,1,5,4,5,4
"34","P_1767169957939_kth9o2d","Neutral","",25,"Female","Bachelor’s degree (e.g., BA, BS)","Weekly",6,2,6,6,6,4,4,7,6,4,5,6,4,5,6,5,4,7,6,1,4,4,587911,3,0,4,5,4,3,3,4,4,2,4,4,50,50,5,3,-1,0,1,TRUE,"2025-12-31T08:32:37.939Z","2025-12-31T08:55:21.351Z","48 participant_P_1767169957939_kth9o2d_data.json",9.79851666666667,0,1,1,0,6.5,5.5,4.5,4.5
"35","P_1767171157224_l7owxcy","Sentient","",40,"Male","Doctorate (e.g., PhD, EdD)","Multiple times/day",7,7,1,7,1,7,1,7,7,7,7,7,1,7,1,7,1,7,7,1,7,7,34187,1,1,7,7,7,7,7,7,7,7,7,7,50,50,7,7,0,0,0,TRUE,"2025-12-31T08:52:37.225Z","2025-12-31T08:55:26.126Z","49 participant_P_1767171157224_l7owxcy_data.json",0.569783333333333,1,0,1,1,7,4,4,7
"36","P_1764683170504_8s5sokq","Neutral","",38,"Female","Master’s degree (e.g., MA, MS, MEd)","Daily",5,2,7,6,7,7,3,7,5,5,7,7,6,7,7,6,5,2,7,1,4,7,657803,3,1,6,7,1,1,1,1,1,1,7,7,100,100,1,1,0,2,0,TRUE,"2025-12-02T13:46:10.505Z","2025-12-02T14:06:51.477Z","5  participant_P.json",10.9633833333333,0,1,1,1,6,7,5.5,6
"37","P_1767968727701_591ctpd","Sentient","",42,"Male","Master’s degree (e.g., MA, MS, MEd)","Weekly",4,5,4,4,3,4,3,7,7,7,5,5,5,3,3,5,5,5,5,1,3,5,568659,5,0,4,4,5,5,5,5,5,3,5,5,69,69,5,5,-1,1,-1,TRUE,"2026-01-09T14:25:27.701Z","2026-01-09T14:47:02.314Z","50 Luiz Alves_P_1767968727701_591ctpd_data.json",9.47765,1,0,1,1,7,3,5,6
"38","P_1765256107784_hvlaj85","Neutral","",41,"Female","Master’s degree (e.g., MA, MS, MEd)","Multiple times/day",5,1,3,6,5,7,1,6,6,7,6,3,1,6,7,6,2,5,7,0,7,6,584423,4,0,6,7,6,7,6,7,7,6,7,7,91,50,5,4,0,-1,1,TRUE,"2025-12-09T04:55:07.785Z","2025-12-09T05:19:24.610Z","6  participant_P_1765256107784_hvlaj85_data.json",9.74038333333333,0,1,1,1,6,6.5,4,6.5
"39","P_1765260510382_5j8rb5v","Neutral","",44,"Male","Bachelor’s degree (e.g., BA, BS)","Daily",7,7,1,7,1,1,1,7,7,7,7,7,1,7,1,7,7,7,7,1,7,7,244230,1,1,7,7,7,7,7,7,1,7,7,7,100,99,7,7,0,0,0,TRUE,"2025-12-09T06:08:30.383Z","2025-12-09T06:21:06.168Z","7  participant_P_1765260510382_5j8rb5v_data.json",4.0705,1,0,1,0,7,4,7,7
"40","P_1765260685806_6s3a48b","Experience","",37,"Male","Associate degree (e.g., AA, AS)","Multiple times/day",6,5,3,4,2,6,3,7,7,7,6,5,3,4,1,5,3,5,6,0,5,5,355865,1,0,6,6,5,4,5,6,6,6,7,4,65,61,6,5,0,1,1,TRUE,"2025-12-09T06:11:25.806Z","2025-12-09T06:34:33.197Z","8  participant_P_1765260685806_6s3a48b_data.json",5.93108333333333,1,0,1,0,7,2.5,4,6.5
"41","P_1765260971727_xva0msr","Experience","",31,"Male","Bachelor’s degree (e.g., BA, BS)","Multiple times/day",5,5,2,5,2,6,4,5,5,5,6,5,5,5,4,7,3,5,6,1,4,5,118208,1,1,4,4,4,4,4,4,4,4,4,4,50,50,4,4,0,0,-1,TRUE,"2025-12-09T06:16:11.728Z","2025-12-09T06:37:58.281Z","9  participant_P_1765260971727_xva0msr_data.json",1.97013333333333,1,0,1,0,5,4.5,5,5.5
"42","P_1767800860838_53pgrqv","Experience","",40,"Female","Master’s degree (e.g., MA, MS, MEd)","Multiple times/day",6,6,2,4,1,6,3,7,6,6,5,5,3,6,2,6,3,6,6,1,5,6,354378,1,1,4,4,5,6,6,5,4,5,5,4,66,73,4,4,0,-1,-2,TRUE,"2026-01-07T15:47:40.841Z","2026-01-07T15:57:19.681Z","arquivo aline JSON.json",5.9063,0,1,1,1,6.5,4,4.5,5.5
"43","P_1765836316753_g9u1yr3","Neutral","",40,"Male","Doctorate (e.g., PhD, EdD)","Daily",5,4,2,2,2,5,4,5,5,5,4,5,5,2,2,4,3,3,4,1,2,5,962414,4,0,3,5,3,3,3,2,2,2,4,5,73,44,3,2,-1,1,0,TRUE,"2025-12-15T22:05:16.754Z","2025-12-15T22:29:38.696Z","Bruno_participant_P_1765836316753_g9u1yr3_data.json",16.0402333333333,1,0,1,1,5,2,3.5,4.5
"44","P_1766267841700_rpghjxb","Experience","",29,"Female","Bachelor’s degree (e.g., BA, BS)","Multiple times/day",6,3,4,3,5,6,7,5,4,4,5,5,6,5,6,3,5,4,3,0,3,4,944338,12,0,1,5,5,3,1,1,1,1,7,7,50,0,1,1,0,-2,1,TRUE,"2025-12-20T21:57:21.701Z","2025-12-20T22:49:31.939Z","Catherine_Tocci_AISimulation_Participant1.json",15.7389666666667,0,1,1,0,4.5,5.5,4,4.5
"45","P_1768322943617_b7vmqn6","Experience","",31,"Female","Bachelor’s degree (e.g., BA, BS)","Multiple times/day",6,6,1,1,2,7,4,7,7,7,6,7,7,6,4,7,2,6,7,0,3,4,366882,2,0,1,6,6,7,1,6,1,1,7,6,50,15,2,1,0,-2,2,TRUE,"2026-01-13T16:49:03.617Z","2026-01-13T17:07:01.113Z","Catherine_Tocci_AISimulation_Participant10.json",6.1147,0,1,1,0,7,5,4.5,6.5
"46","P_1768325086951_n4xiyyv","Experience","",25,"Male","Bachelor’s degree (e.g., BA, BS)","Weekly",6,2,4,3,2,6,3,4,5,4,3,3,3,4,3,3,3,1,1,1,1,5,367222,10,0,1,5,5,1,5,5,3,1,5,5,80,70,5,3,-1,0,0,TRUE,"2026-01-13T17:24:46.951Z","2026-01-13T17:37:08.314Z","Catherine_Tocci_AISimulation_Participant11.json",6.12036666666667,1,0,1,0,4.5,3.5,3,3.5
"47","P_1768326524316_hh75u98","Sentient","",38,"Female","Professional degree (e.g., MD, DDS, DVM)","Daily",5,3,6,3,5,3,5,5,7,6,5,6,5,4,5,6,5,6,2,0,7,3,559776,6,1,2,4,5,3,7,6,4,4,6,3,64,77,3,3,1,-5,1,TRUE,"2026-01-13T17:48:44.316Z","2026-01-13T18:05:07.019Z","Catherine_Tocci_AISimulation_Participant12.json",9.3296,0,1,1,1,6,4.5,5.5,5.5
"48","P_1768326565321_2v4uox5","Sentient","",35,"Female","Bachelor’s degree (e.g., BA, BS)","Weekly",5,3,5,3,3,5,5,3,5,5,5,6,5,3,3,5,5,5,5,0,6,2,279768,7,0,2,5,6,2,5,6,3,2,5,4,50,49,2,5,0,-4,3,TRUE,"2026-01-13T17:49:25.321Z","2026-01-13T17:59:52.450Z","Catherine_Tocci_AISimulation_Participant13.json",4.6628,0,1,1,0,4,3,5,5
"49","P_1768328832061_qemtv2r","Neutral","",31,"Female","Bachelor’s degree (e.g., BA, BS)","Weekly",3,5,4,5,5,3,3,6,6,6,5,4,6,5,3,5,5,5,3,0,5,3,110891,3,0,3,5,5,5,3,3,2,3,5,5,65,29,3,3,0,-2,2,TRUE,"2026-01-13T18:27:12.061Z","2026-01-13T18:35:28.796Z","Catherine_Tocci_AISimulation_Participant14.json",1.84818333333333,0,1,1,0,6,4,5,5.5
"50","P_1768317444832_uo66zt0","Experience","",23,"Female","Bachelor’s degree (e.g., BA, BS)","Weekly",6,1,7,6,6,6,5,7,7,7,5,5,5,3,2,7,5,7,6,1,3,5,33896,1,1,3,5,3,3,5,2,5,5,5,5,98,100,6,3,0,0,0,TRUE,"2026-01-13T15:17:24.832Z","2026-01-13T15:24:51.444Z","Catherine_Tocci_AISimulation_Participant2.json",0.564933333333333,0,1,1,0,7,2.5,6,6
"51","P_1768318029262_6h2gn4b","Experience","",31,"Male","Bachelor’s degree (e.g., BA, BS)","Multiple times/day",7,1,4,6,5,4,2,5,5,5,5,3,4,2,2,6,5,5,4,0,4,5,169667,3,0,5,6,4,7,4,4,4,3,4,6,82,100,3,3,0,1,1,TRUE,"2026-01-13T15:27:09.263Z","2026-01-13T15:33:45.316Z","Catherine_Tocci_AISimulation_Participant3.json",2.82778333333333,1,0,1,0,5,2,5.5,5
"52","P_1768318036245_k9r2ing","Experience","",28,"Female","Bachelor’s degree (e.g., BA, BS)","Multiple times/day",7,5,6,7,7,4,4,7,6,2,2,3,5,7,7,3,3,1,4,0,5,5,565033,4,1,1,7,6,1,1,2,1,1,5,5,74,93,5,6,1,-4,2,TRUE,"2026-01-13T15:27:16.246Z","2026-01-13T18:07:10.285Z","Catherine_Tocci_AISimulation_Participant4.json",9.41721666666667,0,1,1,0,6.5,7,3,2
"53","P_1768318292117_qnxnq3v","Neutral","",33,"Female","Bachelor’s degree (e.g., BA, BS)","Weekly",6,5,2,6,5,3,2,7,7,7,7,6,7,4,2,3,6,7,2,0,1,7,295409,5,0,1,7,5,7,1,1,1,1,7,7,88,31,1,1,0,0,0,TRUE,"2026-01-13T15:31:32.118Z","2026-01-13T15:40:23.059Z","Catherine_Tocci_AISimulation_Participant5.json",4.92348333333333,0,1,1,0,7,3,4.5,7
"54","P_1768318574105_qkev86q","Experience","",33,"Male","Bachelor’s degree (e.g., BA, BS)","Weekly",5,1,2,1,1,4,3,6,6,5,5,4,7,4,6,4,6,6,6,0,1,6,80556,1,0,1,4,4,4,4,4,4,4,4,4,50,50,4,4,0,0,-2,TRUE,"2026-01-13T15:36:14.106Z","2026-01-13T15:42:42.038Z","Catherine_Tocci_AISimulation_Participant6.json",1.3426,1,0,1,0,6,5,5,5
"55","P_1768318829363_vfi2w7s","Sentient","",45,"Male","High school graduate or equivalent (e.g., GED)","Weekly",3,5,6,4,3,3,4,7,7,7,7,7,6,4,5,5,4,6,5,0,4,3,100770,1,0,4,3,5,5,6,5,4,4,5,5,50,69,6,5,0,0,0,TRUE,"2026-01-13T15:40:29.363Z","2026-01-13T15:46:58.176Z","Catherine_Tocci_AISimulation_Participant7.json",1.6795,1,0,1,0,7,4.5,4.5,7
"56","P_1768320104125_p9a2gqm","Sentient","",34,"Male","High school graduate or equivalent (e.g., GED)","Multiple times/day",7,6,7,7,7,7,2,6,6,3,6,7,7,6,7,2,1,5,6,1,1,7,859045,6,0,1,7,5,1,3,3,5,1,7,7,90,90,1,1,-1,0,0,TRUE,"2026-01-13T16:01:44.125Z","2026-01-13T16:23:49.580Z","Catherine_Tocci_AISimulation_Participant8.json",14.3174166666667,1,0,1,0,6,6.5,1.5,4.5
"57","P_1768320491100_xy9et97","Sentient","",56,"Male","Bachelor’s degree (e.g., BA, BS)","Multiple times/day",4,5,5,5,3,5,4,2,6,5,6,5,5,1,1,6,4,5,3,1,1,6,358515,5,1,1,7,7,1,7,7,1,1,5,2,11,90,7,5,0,0,1,TRUE,"2026-01-13T16:08:11.101Z","2026-01-13T17:33:43.001Z","Catherine_Tocci_AISimulation_Participant9.json",5.97525,1,0,1,0,4,1,5,5.5
"58","P_1767943150213_e7ns6dq","Sentient","",18,"Male","Master’s degree (e.g., MA, MS, MEd)","Multiple times/day",5,6,2,6,2,6,2,6,6,7,7,7,2,6,2,3,5,3,6,1,5,3,69899,1,1,5,5,5,5,6,6,6,6,6,6,76,75,6,6,0,0,2,TRUE,"2026-01-09T07:19:10.214Z","2026-01-09T07:37:17.254Z","Chinese North participant_P_1767943150213_e7ns6dq_data.json",1.16498333333333,1,0,1,1,6,4,4,7
"59","P_1766560561388_x37ns1u","Sentient","",28,"Female","Bachelor’s degree (e.g., BA, BS)","Daily",7,2,3,6,3,3,3,2,6,3,5,4,2,5,2,5,3,6,5,1,2,6,102632,2,1,2,6,6,2,2,4,2,2,3,2,70,12,1,1,0,0,0,TRUE,"2025-12-24T07:16:01.389Z","2025-12-24T07:20:34.002Z","Daisy_Answer.json",1.71053333333333,0,1,1,0,4,3.5,4,4
"60","P_1768086626202_2b6otgf","Experience","",18,"Prefer not to say","Professional degree (e.g., MD, DDS, DVM)","Weekly",5,1,2,4,4,5,4,7,6,6,6,5,4,5,5,4,4,5,4,0,4,3,315229,4,1,1,5,5,4,5,5,4,1,4,6,50,50,4,3,1,-3,2,TRUE,"2026-01-10T23:10:26.203Z","2026-01-10T23:22:58.830Z","Fatima_participant_P_1768086626202_2b6otgf_data.json",5.25381666666667,0,0,1,1,6.5,5,4,6
"61","P_1767956594311_nfvuvj2","Neutral","",31,"Female","Bachelor’s degree (e.g., BA, BS)","Multiple times/day",4,1,1,1,1,4,4,7,7,7,4,7,7,4,4,7,4,7,4,1,3,4,685368,1,1,2,4,4,4,2,4,2,2,5,5,50,50,2,2,0,-1,0,TRUE,"2026-01-09T11:03:14.312Z","2026-01-09T11:24:52.125Z","Filipino participant_P_1767956594311_nfvuvj2_data.json",11.4228,0,1,1,0,7,4,5.5,5.5
"62","P_1768178490162_3cj79w6","Experience","",25,"Male","Associate degree (e.g., AA, AS)","Multiple times/day",3,5,3,5,5,5,3,5,6,5,6,5,3,5,2,3,5,3,2,1,6,5,18879,1,1,5,5,5,3,6,5,3,5,6,5,74,74,6,3,0,-1,0,TRUE,"2026-01-12T00:41:30.163Z","2026-01-12T00:43:38.344Z","Helen_participant_P_1768178490162_3cj79w6_data.json",0.31465,1,0,1,0,5.5,3.5,4,5.5
"63","P_1768049423733_vxynj3b","Neutral","",37,"Male","Professional degree (e.g., MD, DDS, DVM)","Daily",4,4,2,4,3,5,2,6,6,6,6,6,6,3,3,7,4,6,6,1,3,5,923733,3,1,3,5,4,4,4,3,6,2,5,5,79,68,5,5,0,0,0,TRUE,"2026-01-10T12:50:23.734Z","2026-01-10T14:14:28.072Z","Indian participant_P_1768049423733_vxynj3b_data.json",15.39555,1,0,1,1,6,3,5.5,6
"64","P_1764345761923_1paw5hf","Neutral","",46,"Female","Master’s degree (e.g., MA, MS, MEd)","Never",3,1,1,6,1,4,1,7,7,6,6,7,6,2,1,7,4,6,6,0,2,6,363210,5,0,6,6,2,6,2,2,2,2,6,6,50,49,6,5,0,4,0,TRUE,"2025-11-28T16:02:41.923Z","2025-11-28T16:15:32.898Z","Julie Student.json",6.0535,0,1,0,1,7,1.5,5.5,6
"65","P_1766587518907_o7xmr5x","Experience","",30,"Female","Bachelor’s degree (e.g., BA, BS)","Multiple times/day",4,4,6,4,2,4,4,5,4,2,4,4,4,3,5,4,3,6,5,0,4,4,426926,1,0,4,4,1,4,4,4,4,3,5,2,50,50,3,3,0,0,0,TRUE,"2025-12-24T14:45:18.908Z","2025-12-24T14:54:07.658Z","Kathy Answer.json",7.11543333333333,0,1,1,0,4.5,4,3.5,3
"66","P_1766049000000_mgr40male","Experience","",42,"Male","Master’s degree (e.g., MBA, MS, MA)","Weekly",6,3,2,3,2,5,4,4,3,3,3,4,5,3,3,4,4,3,3,1,3,6,406789,1,1,3,6,4,4,3,2,2,2,4,4,65,10,4,4,0,0,0,TRUE,"2025-12-18T09:10:12.345Z","2025-12-18T09:16:58.901Z","kenny.json",6.77981666666667,1,0,1,1,3.5,3,4,3
"67","P_1766961596049_8dl3hnx","Neutral","",42,"Female","Bachelor’s degree (e.g., BA, BS)","Multiple times/day",5,5,5,5,5,5,3,7,7,7,7,7,5,6,7,6,2,7,7,1,2,5,867988,6,0,2,1,7,6,1,6,6,6,3,7,50,16,2,2,-1,0,-4,TRUE,"2025-12-28T22:39:56.050Z","2025-12-28T23:08:43.798Z","luanny faustino JSON.json",14.4664666666667,0,1,1,0,7,6.5,4,7
"68","P_1768355600920_iji3s36","Sentient","",28,"Female","Master’s degree (e.g., MA, MS, MEd)","Multiple times/day",6,6,1,1,1,6,6,6,6,6,6,4,2,6,3,7,2,2,6,1,1,6,404445,8,1,2,6,7,7,7,7,7,2,3,5,91,91,6,2,0,1,0,TRUE,"2026-01-14T01:53:20.920Z","2026-01-14T02:08:50.413Z","Michelle Answer.json",6.74075,0,1,1,1,6,4.5,4.5,6
"69","P_1764688251116_50dnd8w","Neutral","",50,"Male","Master’s degree (e.g., MA, MS, MEd)","Daily",3,2,3,6,6,4,4,6,5,5,4,6,4,5,5,5,4,7,5,0,5,6,420978,4,0,6,6,5,4,2,3,3,2,6,6,50,30,2,2,0,1,0,TRUE,"2025-12-02T15:10:51.118Z","2025-12-02T15:34:12.456Z","Nicolas Answer.json",7.0163,1,0,1,1,5.5,5,4.5,4.5
"70","P_1764585875789_6or08cl","Sentient","",34,"Female","Bachelor’s degree (e.g., BA, BS)","Multiple times/day",6,2,2,5,2,6,2,7,7,7,6,6,2,5,4,4,4,4,4,1,3,6,407198,1,0,3,6,6,6,6,6,6,5,5,5,30,29,5,5,-1,0,0,TRUE,"2025-12-01T10:44:35.790Z","2025-12-01T11:55:09.571Z","OneMBA_AISimulation_[Qin Wu].json",6.78663333333333,0,1,1,0,7,4.5,4,6.5
"71","P_1767943829863_u3h335n","Neutral","",32,"Male","Bachelor’s degree (e.g., BA, BS)","Multiple times/day",5,1,2,6,2,5,2,7,6,7,6,7,7,1,2,6,6,6,4,0,4,5,718767,7,0,4,4,4,2,4,5,5,2,4,5,77,81,5,4,0,0,-1,TRUE,"2026-01-09T07:30:29.864Z","2026-01-09T08:03:38.677Z","Pakistani participant_P_1767943829863_u3h335n_data.json",11.97945,1,0,1,0,6.5,1.5,6,6.5
"72","P_1766573974605_ajzyziq","Sentient","",36,"Male","Master’s degree (e.g., MA, MS, MEd)","Multiple times/day",6,2,2,1,5,7,7,6,5,6,6,7,6,3,6,6,6,7,7,1,7,7,67297,2,1,1,7,2,7,1,1,7,1,6,6,84,85,6,2,0,-6,0,TRUE,"2025-12-24T10:59:34.605Z","2025-12-24T12:47:05.735Z","part_1.json",1.12161666666667,1,0,1,1,5.5,4.5,6,6
"73","P_1766982294338_uh25918","Neutral","",35,"Male","Bachelor’s degree (e.g., BA, BS)","Multiple times/day",3,5,4,3,3,4,6,5,4,6,5,2,3,4,4,6,4,6,2,0,5,4,29971,1,0,5,4,3,3,5,4,5,6,6,4,50,50,3,4,0,0,0,TRUE,"2025-12-29T04:24:54.338Z","2025-12-29T04:27:08.473Z","part_10.json",0.499516666666667,1,0,1,0,4.5,4,5,5.5
"74","P_1767958737188_37x043x","Experience","",30,"Male","Bachelor’s degree (e.g., BA, BS)","Multiple times/day",5,1,7,2,6,7,3,6,6,5,6,5,7,1,1,1,7,7,3,1,1,7,452110,6,1,1,7,7,7,1,1,1,1,2,3,50,50,1,1,0,0,0,TRUE,"2026-01-09T11:38:57.188Z","2026-01-09T11:54:15.566Z","part_11.json",7.53516666666667,1,0,1,0,6,1,4,5.5
"75","P_1767961176015_tqh4amu","Experience","",31,"Male","Bachelor’s degree (e.g., BA, BS)","Multiple times/day",6,6,4,6,2,7,2,5,6,6,6,7,4,6,1,6,4,6,6,1,2,6,123956,1,1,2,6,4,7,5,6,6,2,7,7,74,17,4,7,0,0,0,TRUE,"2026-01-09T12:19:36.018Z","2026-01-09T12:27:40.519Z","part_14.json",2.06593333333333,1,0,1,0,5.5,3.5,5,6
"76","P_1767960402857_avmw3za","Experience","",30,"Female","Bachelor’s degree (e.g., BA, BS)","Weekly",5,1,5,3,1,3,3,7,7,7,6,6,6,4,4,4,3,5,5,1,2,1,255951,2,1,3,5,5,6,7,7,5,2,6,7,50,50,6,2,0,1,4,TRUE,"2026-01-09T12:06:42.858Z","2026-01-09T12:18:52.873Z","part_15.json",4.26585,0,1,1,0,7,4,3.5,6.5
"77","P_1768217729406_5foj5zn","Neutral","",30,"Female","Professional degree (e.g., MD, DDS, DVM)","Weekly",5,1,6,7,7,5,7,7,7,6,5,7,7,7,7,1,4,4,2,0,6,7,774968,5,0,7,7,1,7,1,2,4,7,7,7,100,100,3,1,0,1,0,TRUE,"2026-01-12T11:35:29.406Z","2026-01-12T12:00:16.993Z","part_16.json",12.9161333333333,0,1,1,1,7,7,2.5,5.5
"78","P_1768219284373_oys72iq","Neutral","",31,"Female","High school graduate or equivalent (e.g., GED)","Daily",5,3,6,2,3,5,3,7,5,6,6,6,4,4,6,4,5,3,5,0,4,4,87748,3,1,4,4,4,4,3,3,5,3,4,4,50,50,4,4,1,0,0,TRUE,"2026-01-12T12:01:24.373Z","2026-01-12T12:06:37.649Z","part_17.json",1.46246666666667,0,1,1,0,6,5,4.5,6
"79","P_1768355307431_oz7701m","Sentient","",33,"Male","Master’s degree (e.g., MA, MS, MEd)","Multiple times/day",3,1,6,3,4,6,4,7,6,4,2,4,6,7,4,7,4,7,3,1,1,4,122832,2,1,1,7,7,4,7,7,7,1,1,4,100,50,7,1,0,0,3,TRUE,"2026-01-14T01:48:27.431Z","2026-01-14T01:57:22.456Z","part_19.json",2.0472,1,0,1,1,6.5,5.5,5.5,3
"80","P_1766396995802_bjq529s","Sentient","",37,"Female","Bachelor’s degree (e.g., BA, BS)","Multiple times/day",5,6,4,6,5,5,3,6,5,4,4,5,6,6,6,5,4,6,6,1,4,4,103016,2,0,4,4,5,6,6,6,6,5,5,6,68,69,6,5,-1,0,0,TRUE,"2025-12-22T09:49:55.803Z","2025-12-22T10:04:29.023Z","part_2.json",1.71693333333333,0,1,1,0,5.5,6,4.5,4
"81","P_1768355865048_ce8zl7u","Sentient","",29,"Male","Bachelor’s degree (e.g., BA, BS)","Daily",3,3,4,6,4,4,3,7,7,7,6,6,6,6,5,4,3,5,2,0,2,2,215713,6,0,2,7,7,7,7,7,7,6,7,7,100,70,7,6,0,0,5,TRUE,"2026-01-14T01:57:45.049Z","2026-01-14T02:07:19.481Z","part_20.json",3.59521666666667,1,0,1,0,7,5.5,3.5,6.5
"82","P_1767132499657_krddy7w","Experience","",41,"Male","Bachelor’s degree (e.g., BA, BS)","Weekly",5,1,4,3,2,4,3,5,7,7,7,7,7,3,2,7,5,6,6,1,1,7,194240,1,1,1,6,6,1,1,1,1,1,5,6,70,13,2,2,0,0,-1,TRUE,"2025-12-30T22:08:19.659Z","2025-12-30T22:22:17.400Z","part_21.json",3.23733333333333,1,0,1,0,6,2.5,6,7
"83","P_1765062566505_2iuapn3","Sentient","",50,"Female","Master’s degree (e.g., MA, MS, MEd)","Monthly",6,6,6,6,7,6,5,6,7,7,6,7,5,5,6,5,4,6,3,1,6,5,235472,2,1,7,7,7,2,7,7,1,1,1,7,13,13,7,1,0,1,2,TRUE,"2025-12-06T23:09:26.508Z","2025-12-06T23:19:45.527Z","part_22.json",3.92453333333333,0,1,0,1,6.5,5.5,4.5,6.5
"84","P_1765272887984_ifkowsk","Sentient","",35,"Female","Master’s degree (e.g., MA, MS, MEd)","Multiple times/day",7,5,2,5,3,2,2,7,6,6,5,6,7,4,2,2,4,6,6,0,5,4,68671,1,1,4,4,4,3,2,3,5,2,4,4,50,50,2,2,1,-1,0,TRUE,"2025-12-09T09:34:47.984Z","2025-12-09T10:00:42.793Z","part_23.json",1.14451666666667,0,1,1,1,6.5,3,3,5.5
"85","P_1765272940950_ke1d0l3","Neutral","",58,"Male","Master’s degree (e.g., MA, MS, MEd)","Weekly",3,5,3,3,3,5,3,5,5,3,4,3,3,5,2,3,5,5,5,0,5,5,348033,1,0,5,5,3,3,5,3,3,3,5,5,65,32,7,5,0,0,0,TRUE,"2025-12-09T09:35:40.950Z","2025-12-09T09:51:14.426Z","part_24.json",5.80055,1,0,1,1,5,3.5,4,3.5
"86","P_1767111179274_9bhqsf0","Neutral","",49,"Male","Master’s degree (e.g., MA, MS, MEd)","Weekly",3,5,5,5,2,6,4,7,6,7,5,6,4,5,2,6,3,3,4,0,5,4,125386,1,0,4,4,5,4,5,5,3,4,5,5,60,50,4,4,0,-1,0,TRUE,"2025-12-30T16:12:59.274Z","2025-12-30T16:48:03.088Z","part_26.json",2.08976666666667,1,0,1,1,6.5,3.5,4.5,6
"87","P_1767131026679_1epruv4","Sentient","",42,"Female","Master’s degree (e.g., MA, MS, MEd)","Weekly",5,3,5,2,6,4,3,7,7,7,7,7,7,7,7,6,6,7,5,0,2,4,564670,1,1,1,7,7,1,7,7,7,1,5,2,18,0,7,1,1,-1,3,TRUE,"2025-12-30T21:43:46.685Z","2025-12-30T22:03:34.107Z","part_27.json",9.41116666666667,0,1,1,1,7,7,6,7
"88","P_1768388043517_1c2s33n","Neutral","",35,"Male","Bachelor’s degree (e.g., BA, BS)","Multiple times/day",2,5,5,5,6,6,2,5,5,6,2,6,3,2,3,5,6,6,5,0,5,2,40853,0,0,2,6,2,3,2,3,6,6,6,2,29,38,2,3,0,-3,4,TRUE,"2026-01-14T10:54:03.517Z","2026-01-14T10:56:37.625Z","part_28.json",0.680883333333333,1,0,1,0,5,2.5,5.5,4
"89","P_1768388208943_5bqzixt","Sentient","",32,"Male","Bachelor’s degree (e.g., BA, BS)","Multiple times/day",6,4,5,4,5,4,4,5,3,4,6,4,3,4,3,3,6,3,6,0,3,4,6993,0,0,4,4,2,6,5,5,4,4,4,3,54,50,6,2,0,1,0,TRUE,"2026-01-14T10:56:48.943Z","2026-01-14T10:59:47.898Z","part_29.json",0.11655,1,0,1,0,4,3.5,4.5,5
"90","P_1766558338048_rx2z4ip","Neutral","",28,"Female","Bachelor’s degree (e.g., BA, BS)","Multiple times/day",7,1,7,4,4,4,7,1,1,1,1,1,2,1,4,7,4,4,5,0,4,1,30086,1,0,4,4,4,4,4,4,4,4,7,7,89,50,1,1,0,0,3,TRUE,"2025-12-24T06:38:58.048Z","2025-12-24T06:42:55.027Z","part_3.json",0.501433333333333,0,1,1,0,1,2.5,5.5,1
"91","P_1768388485722_wuhy0zy","Experience","",27,"Female","Bachelor’s degree (e.g., BA, BS)","Multiple times/day",4,4,6,5,6,5,4,3,4,4,2,4,3,4,5,4,3,4,4,0,4,4,51776,1,0,4,4,4,4,4,3,4,5,2,4,50,50,5,5,0,0,0,TRUE,"2026-01-14T11:01:25.722Z","2026-01-14T11:03:09.450Z","part_30.json",0.862933333333333,0,1,1,0,3.5,4.5,3.5,3
"92","P_1768388645231_5o2vdrw","Sentient","",30,"Male","Bachelor’s degree (e.g., BA, BS)","Multiple times/day",4,4,5,5,3,3,3,5,4,5,4,2,4,5,4,4,3,4,5,0,4,4,37659,1,0,4,4,2,4,3,5,4,5,4,3,66,50,5,4,0,0,0,TRUE,"2026-01-14T11:04:05.231Z","2026-01-14T11:05:36.866Z","part_31.json",0.62765,1,0,1,0,4.5,4.5,3.5,4.5
"93","P_1768388743391_qbppb15","Sentient","",33,"Male","Bachelor’s degree (e.g., BA, BS)","Daily",5,4,4,5,4,3,4,4,5,4,3,4,3,4,4,4,3,4,3,0,4,4,31980,1,0,4,4,2,4,3,6,4,4,5,4,50,50,4,3,0,0,0,TRUE,"2026-01-14T11:05:43.391Z","2026-01-14T11:07:03.354Z","part_32.json",0.533,1,0,1,0,4.5,4,3.5,3.5
"94","P_1768389046160_n8wk7w3","Experience","",30,"Male","Bachelor’s degree (e.g., BA, BS)","Daily",3,4,4,5,4,3,4,4,5,5,4,4,3,4,6,4,3,4,3,0,4,4,36811,1,0,4,4,4,4,3,4,5,5,4,3,50,50,4,3,0,0,0,TRUE,"2026-01-14T11:10:46.160Z","2026-01-14T11:12:07.374Z","part_33.json",0.613516666666667,1,0,1,0,4.5,5,3.5,4.5
"95","P_1768389135827_y21hatu","Sentient","",35,"Female","Master’s degree (e.g., MA, MS, MEd)","Multiple times/day",5,4,5,4,3,6,6,6,5,4,3,2,3,2,2,4,3,6,3,0,4,4,24274,1,0,4,4,4,5,3,4,3,4,5,4,88,78,7,2,0,0,0,TRUE,"2026-01-14T11:12:15.827Z","2026-01-14T11:13:48.641Z","part_34.json",0.404566666666667,0,1,1,1,5.5,2,3.5,3.5
"96","P_1768389584112_n1cn91n","Neutral","",30,"Female","Bachelor’s degree (e.g., BA, BS)","Multiple times/day",4,4,4,4,5,4,3,3,4,3,5,4,3,4,2,4,3,4,3,0,4,4,42594,1,0,4,4,4,4,3,4,5,5,4,3,72,50,4,4,0,0,0,TRUE,"2026-01-14T11:19:44.112Z","2026-01-14T11:21:17.317Z","part_35.json",0.7099,0,1,1,0,3.5,3,3.5,4
"97","P_1768389694623_7ueiq9p","Sentient","",29,"Female","Bachelor’s degree (e.g., BA, BS)","Daily",4,4,3,5,4,3,4,5,4,5,4,5,4,3,4,5,4,5,4,0,4,4,26194,1,0,4,4,5,5,4,3,4,5,4,4,50,50,4,5,0,0,0,TRUE,"2026-01-14T11:21:34.624Z","2026-01-14T11:22:38.782Z","part_36.json",0.436566666666667,0,1,1,0,4.5,3.5,4.5,4.5
"98","P_1768389765935_nw9mwta","Experience","",32,"Female","Bachelor’s degree (e.g., BA, BS)","Multiple times/day",3,4,3,4,4,3,4,4,5,5,4,3,3,4,5,5,4,5,4,0,4,4,34530,1,0,4,4,4,5,4,3,4,5,4,5,50,50,4,3,0,0,0,TRUE,"2026-01-14T11:22:45.936Z","2026-01-14T11:25:04.530Z","part_37.json",0.5755,0,1,1,0,4.5,4.5,4.5,4.5
"99","P_1768390046038_lmuqjhh","Sentient","",29,"Female","Bachelor’s degree (e.g., BA, BS)","Multiple times/day",6,5,5,6,4,3,4,6,6,5,5,4,4,5,5,5,3,6,6,0,4,5,29696,1,0,4,3,4,6,2,4,4,5,4,5,50,50,3,3,0,0,-2,TRUE,"2026-01-14T11:27:26.038Z","2026-01-14T11:29:31.297Z","part_38.json",0.494933333333333,0,1,1,0,6,5,4,5
"100","P_1768390183696_bgn5xnk","Sentient","",30,"Male","Bachelor’s degree (e.g., BA, BS)","Multiple times/day",4,3,4,3,3,4,7,5,4,5,4,4,4,5,5,2,4,5,1,0,5,5,35471,1,0,2,4,3,3,4,5,4,5,3,5,50,50,5,1,0,-3,-1,TRUE,"2026-01-14T11:29:43.696Z","2026-01-14T11:31:58.372Z","part_39.json",0.591183333333333,1,0,1,0,4.5,5,3,4.5
"101","P_1766560893533_21yr19d","Experience","",35,"Male","Associate degree (e.g., AA, AS)","Weekly",2,2,2,2,2,3,2,2,3,3,3,3,5,2,2,3,6,6,3,1,1,7,555690,3,1,4,4,6,4,5,5,5,4,5,6,71,25,4,4,0,3,-3,TRUE,"2025-12-24T07:21:33.533Z","2025-12-24T07:34:42.705Z","part_4.json",9.2615,1,0,1,0,2.5,2,4.5,3
"102","P_1768390328602_j79tjw7","Experience","",31,"Female","Bachelor’s degree (e.g., BA, BS)","Multiple times/day",5,4,4,3,3,2,4,2,4,5,4,4,6,3,4,5,4,4,4,0,4,4,31065,1,0,4,4,4,3,3,3,4,4,4,5,50,50,4,1,0,0,0,TRUE,"2026-01-14T11:32:08.602Z","2026-01-14T11:34:01.122Z","part_40.json",0.51775,0,1,1,0,3,3.5,4.5,4.5
"103","P_1768485815433_g6m9g3z","Experience","",57,"Female","Master’s degree (e.g., MA, MS, MEd)","Daily",6,4,2,7,3,6,2,7,7,7,7,7,7,4,2,6,7,5,6,1,7,5,49370,0,1,5,5,5,7,2,4,5,4,5,6,50,0,6,5,0,-2,0,TRUE,"2026-01-15T14:03:35.434Z","2026-01-15T14:14:34.801Z","part_42.json",0.822833333333333,0,1,1,1,7,3,6.5,7
"104","P_1768501421649_xthpwlr","Experience","",28,"Male","Master’s degree (e.g., MA, MS, MEd)","Multiple times/day",5,1,2,6,6,6,2,7,5,5,3,1,7,5,7,4,4,5,4,1,2,4,520026,7,0,4,4,6,1,1,1,6,1,6,3,70,90,2,1,-1,2,0,TRUE,"2026-01-15T18:23:41.649Z","2026-01-15T18:48:32.450Z","part_43.json",8.6671,1,0,1,1,6,6,4,4
"105","P_1768547502619_g0ze970","Experience","",35,"Male","Bachelor’s degree (e.g., BA, BS)","Multiple times/day",4,4,4,3,3,4,5,5,4,3,3,4,3,5,3,4,4,5,3,0,5,5,35261,1,0,3,4,3,3,6,5,4,5,4,5,50,50,5,2,0,-2,-1,TRUE,"2026-01-16T07:11:42.619Z","2026-01-16T07:14:23.819Z","part_45.json",0.587683333333333,1,0,1,0,4.5,4,4,3
"106","P_1767037348968_7dry1wo","Experience","",29,"Male","Bachelor’s degree (e.g., BA, BS)","Multiple times/day",6,2,3,2,2,7,3,6,7,6,6,3,7,5,7,3,3,7,4,0,1,5,1079363,3,0,1,7,7,1,6,4,2,1,7,7,100,81,2,5,0,0,2,TRUE,"2025-12-29T19:42:28.969Z","2025-12-29T20:08:29.988Z","part_46.json",17.9893833333333,1,0,1,0,6.5,6,3,6
"107","P_1767038839672_es7e43o","Neutral","",33,"Female","High school graduate or equivalent (e.g., GED)","Monthly",2,2,2,2,2,2,2,2,5,2,5,7,7,1,2,6,6,7,7,0,1,4,137854,1,0,1,7,4,5,2,2,1,1,6,6,50,4,1,1,0,0,3,TRUE,"2025-12-29T20:07:19.672Z","2025-12-29T20:21:27.994Z","part_47.json",2.29756666666667,0,1,0,0,3.5,1.5,6,3.5
"108","P_1767038189116_m01gj6b","Neutral","",24,"Male","High school graduate or equivalent (e.g., GED)","Never",2,2,2,3,2,7,2,6,5,5,6,7,6,5,6,6,2,7,2,1,3,6,1838864,4,0,7,7,5,7,2,3,5,7,6,7,70,30,2,4,-1,4,1,TRUE,"2025-12-29T19:56:29.116Z","2025-12-29T20:37:28.166Z","part_48.json",30.6477333333333,1,0,0,0,5.5,5.5,4,5.5
"109","P_1766561704881_gjldaav","Neutral","",23,"Female","Bachelor’s degree (e.g., BA, BS)","Daily",6,5,3,5,6,6,3,5,6,5,5,5,5,5,5,5,4,5,5,0,5,4,113135,4,0,6,5,5,6,6,6,6,5,6,6,50,50,6,6,0,1,1,TRUE,"2025-12-24T07:35:04.882Z","2025-12-24T08:22:48.616Z","part_5.json",1.88558333333333,0,1,1,0,5.5,5,4.5,5
"110","P_1767068663073_jqlre5f","Experience","",45,"Male","Master’s degree (e.g., MA, MS, MEd)","Daily",6,1,3,5,1,6,5,6,5,5,5,6,6,5,3,5,5,6,5,0,5,6,520941,2,0,5,6,5,6,5,5,4,7,5,5,90,75,6,6,0,0,0,TRUE,"2025-12-30T04:24:23.074Z","2025-12-30T04:51:05.045Z","part_50.json",8.68235,1,0,1,1,5.5,4,5,5
"111","P_1767095915964_kyonszu","Sentient","",45,"Male","Master’s degree (e.g., MA, MS, MEd)","Daily",3,4,6,5,5,6,6,5,4,7,4,4,3,5,7,4,4,7,6,0,6,6,308958,1,0,6,7,5,6,7,7,6,4,6,4,74,88,6,6,0,0,1,TRUE,"2025-12-30T11:58:35.968Z","2025-12-30T12:18:08.733Z","part_51.json",5.1493,1,0,1,1,4.5,6,4,5.5
"112","P_1767114533670_c4alalr","Neutral","",52,"Male","Master’s degree (e.g., MA, MS, MEd)","Weekly",5,4,6,4,5,5,5,3,6,6,7,7,6,2,1,6,2,7,7,0,5,3,1842937,1,0,5,2,6,6,6,6,3,5,6,7,85,90,6,6,0,0,-1,TRUE,"2025-12-30T17:08:53.670Z","2025-12-30T20:01:00.033Z","part_52.json",30.7156166666667,1,0,1,1,4.5,1.5,4,6.5
"113","P_1767122763058_o72pha5","Neutral"," https://tinyurl.com/aionemba",45,"Female","Master’s degree (e.g., MA, MS, MEd)","Weekly",3,5,5,5,4,4,2,7,7,7,7,7,7,4,1,7,2,6,4,0,7,6,668146,4,0,3,7,6,7,7,2,6,1,6,6,94,89,2,6,0,-4,1,TRUE,"2025-12-30T19:26:03.058Z","2025-12-30T19:51:48.390Z","part_53.json",11.1357666666667,0,1,1,1,7,2.5,4.5,7
"114","P_1767135681794_ffe7iub","Neutral","",40,"Male","Master’s degree (e.g., MA, MS, MEd)","Weekly",7,4,1,7,1,7,5,6,5,7,4,7,7,7,7,6,4,4,7,0,1,1,86033,1,0,1,7,7,7,7,7,1,6,7,7,89,91,7,1,0,0,6,TRUE,"2025-12-30T23:01:21.803Z","2025-12-30T23:13:18.599Z","part_54.json",1.43388333333333,1,0,1,1,5.5,7,5,5.5
"115","P_1766047229912_ilh7i6w","Neutral","",33,"Female","Associate degree (e.g., AA, AS)","Daily",5,5,3,6,2,5,4,6,6,7,5,3,2,5,6,5,2,3,5,0,5,5,63992,2,0,6,6,5,6,5,4,6,6,7,7,73,50,6,6,0,1,1,TRUE,"2025-12-18T08:40:29.913Z","2025-12-18T08:49:07.414Z","part_55.json",1.06653333333333,0,1,1,0,6,5.5,3.5,6
"116","P_1766047777252_l8g4px0","Neutral","",45,"Male","Some college, no degree","Monthly",2,2,2,6,2,7,2,6,2,5,3,6,5,3,2,6,1,5,6,1,2,6,296714,3,1,2,7,2,2,3,5,2,1,2,3,79,16,2,2,0,0,1,TRUE,"2025-12-18T08:49:37.252Z","2025-12-18T08:58:08.901Z","part_56.json",4.94523333333333,1,0,0,0,4,2.5,3.5,4
"117","P_1766048324938_hx8shyh","Experience","",30,"Female","Bachelor’s degree (e.g., BA, BS)","Weekly",3,5,2,4,5,6,3,5,3,5,5,5,5,5,5,5,3,3,5,0,6,5,433133,3,0,6,3,5,5,6,5,6,5,6,5,71,18,5,5,0,0,-2,TRUE,"2025-12-18T08:58:44.939Z","2025-12-18T09:09:27.290Z","part_57.json",7.21888333333333,0,1,1,0,4,5,4,5
"118","P_1766048995113_qyiutt1","Experience","",39,"Female","Professional degree (e.g., MD, DDS, DVM)","Daily",4,1,2,6,6,6,2,4,4,5,2,6,3,5,2,5,2,6,6,1,2,6,197755,0,1,2,6,2,2,2,2,5,2,1,2,50,21,2,1,0,0,0,TRUE,"2025-12-18T09:09:55.113Z","2025-12-18T09:16:06.207Z","part_58.json",3.29591666666667,0,1,1,1,4,3.5,3.5,3.5
"119","P_1766049419930_rw3ir2q","Experience","",33,"Female","Bachelor’s degree (e.g., BA, BS)","Weekly",3,4,3,6,3,5,2,5,6,7,3,5,6,5,2,5,3,6,5,0,5,4,130268,3,0,6,5,5,6,6,5,6,6,5,6,50,31,6,5,0,1,1,TRUE,"2025-12-18T09:16:59.931Z","2025-12-18T09:22:31.805Z","part_59.json",2.17113333333333,0,1,1,0,5.5,3.5,4,5
"120","P_1766981609877_5ef9zwj","Neutral","",31,"Male","Bachelor’s degree (e.g., BA, BS)","Multiple times/day",5,4,5,4,4,5,4,4,5,6,6,4,3,4,6,5,6,5,4,0,6,5,33235,1,0,4,5,4,5,4,5,3,4,4,5,50,50,4,6,0,-2,0,TRUE,"2025-12-29T04:13:29.878Z","2025-12-29T04:16:15.628Z","part_6.json",0.553916666666667,1,0,1,0,4.5,5,5.5,6
"121","P_1768567808234_qxrczbo","Experience","",52,"Male","Bachelor’s degree (e.g., BA, BS)","Daily",6,6,2,2,2,7,3,7,6,6,7,3,6,4,5,2,3,2,5,0,2,5,1570652,4,0,3,5,6,6,3,3,5,3,5,6,76,79,3,2,0,1,0,TRUE,"2026-01-16T12:50:08.235Z","2026-01-16T13:46:35.908Z","part_60.json",26.1775333333333,1,0,1,0,6.5,4.5,2.5,6.5
"122","P_1766981793686_qerf3gm","Neutral","",32,"Female","Bachelor’s degree (e.g., BA, BS)","Multiple times/day",4,3,4,3,2,4,6,5,5,2,4,4,3,2,6,4,4,4,4,0,4,5,40039,1,0,4,4,4,3,3,3,4,4,4,6,50,50,4,1,0,0,-1,TRUE,"2025-12-29T04:16:33.686Z","2025-12-29T04:18:55.200Z","part_7.json",0.667316666666667,0,1,1,0,5,4,4,3
"123","P_1766981958667_q11anhw","Neutral","",26,"Female","Bachelor’s degree (e.g., BA, BS)","Multiple times/day",4,4,4,3,2,5,6,4,5,1,4,5,4,2,5,4,3,4,4,0,4,4,29255,1,0,4,4,4,3,3,3,4,4,4,6,50,50,4,1,0,0,0,TRUE,"2025-12-29T04:19:18.668Z","2025-12-29T04:21:16.177Z","part_8.json",0.487583333333333,0,1,1,0,4.5,3.5,3.5,2.5
"124","P_1766982088349_dp7nney","Sentient","",29,"Male","Bachelor’s degree (e.g., BA, BS)","Multiple times/day",4,4,3,3,3,5,5,4,4,3,4,6,4,6,5,5,3,4,4,0,4,6,36410,1,0,3,4,3,3,5,5,4,5,4,6,50,50,4,2,0,-1,-2,TRUE,"2025-12-29T04:21:28.349Z","2025-12-29T04:24:03.900Z","part_9.json",0.606833333333333,1,0,1,0,4,5.5,4,3.5
"125","P_1765359505878_5l08rkt","Sentient","",41,"Female","Professional degree (e.g., MD, DDS, DVM)","Weekly",6,5,2,6,6,6,2,6,6,5,7,5,3,5,6,2,2,6,6,0,7,7,269192,8,0,7,7,5,6,6,6,6,6,6,6,82,78,5,5,0,0,0,TRUE,"2025-12-10T09:38:25.880Z","2025-12-10T09:46:27.068Z","participant_3.json",4.48653333333333,0,1,1,1,6,5.5,2,6
"126","P_1765360039213_1hh8n90","Experience","",24,"Male","Bachelor’s degree (e.g., BA, BS)","Weekly",3,5,3,3,5,3,5,5,5,3,5,5,3,5,2,5,2,3,5,1,3,6,74406,3,1,2,6,3,3,5,3,6,2,2,5,82,12,2,2,0,-1,0,TRUE,"2025-12-10T09:47:19.214Z","2025-12-10T11:21:13.312Z","participant_4.json",1.2401,1,0,1,0,5,3.5,3.5,4
"127","P_1765365702186_g1on3u3","Experience","",43,"Male","Bachelor’s degree (e.g., BA, BS)","Never",4,1,1,1,1,7,1,7,7,7,7,6,1,1,1,7,1,7,7,1,1,7,542148,15,1,1,7,1,1,1,1,7,1,1,1,75,11,1,1,0,0,0,TRUE,"2025-12-10T11:21:42.190Z","2025-12-10T11:45:20.076Z","participant_5.json",9.0358,1,0,0,0,7,1,4,7
"128","P_1765367146943_2xjy0jh","Experience","",33,"Female","Master’s degree (e.g., MA, MS, MEd)","Daily",6,7,2,6,6,6,2,6,7,6,6,7,6,6,6,2,2,5,6,0,7,5,365863,7,0,7,7,6,6,1,1,6,6,7,6,79,87,1,1,0,0,2,TRUE,"2025-12-10T11:45:46.947Z","2025-12-10T12:00:14.067Z","participant_6.json",6.09771666666667,0,1,1,1,6.5,6,2,6
"129","P_1766044727771_6vyprf2","Sentient","",37,"Male","Master’s degree (e.g., MA, MS, MEd)","Weekly",6,6,6,6,6,2,6,2,2,2,2,7,6,1,1,2,6,2,2,1,2,6,71686,3,1,6,2,2,6,2,7,6,4,2,2,87,74,7,2,0,4,-4,TRUE,"2025-12-18T07:58:47.772Z","2025-12-18T08:03:11.540Z","participant_chenfulong.json",1.19476666666667,1,0,1,1,2,1,4,2
"130","P_1766045041370_xyy4nk9","Neutral","",47,"Female","Bachelor’s degree (e.g., BA, BS)","Daily",2,6,2,2,6,6,2,2,6,3,3,7,6,2,1,6,6,6,6,0,6,2,43793,0,0,6,5,6,2,6,7,6,2,6,6,75,50,6,6,0,0,3,TRUE,"2025-12-18T08:04:01.370Z","2025-12-18T08:07:09.886Z","participant_from.json",0.729883333333333,0,1,1,0,4,1.5,6,3
"131","P_1764451000009_tum7atj","Experience","",43,"Male","Master’s degree (e.g., MA, MS, MEd)","Daily",5,2,2,3,1,5,1,7,7,4,5,6,4,7,7,7,7,7,4,1,1,7,540472,2,1,1,7,6,1,2,2,7,1,6,5,40,80,1,1,0,0,0,TRUE,"2025-11-29T21:16:40.009Z","2025-11-29T21:53:32.844Z","participant_neilwang.json",9.00786666666667,1,0,1,1,7,7,7,4.5
"132","P_1764745226705_8mg6cln","Neutral","",22,"Female","Bachelor’s degree (e.g., BA, BS)","Multiple times/day",4,2,1,1,1,4,3,4,4,4,4,6,4,5,5,5,4,6,6,1,4,4,398004,2,1,4,4,4,4,3,3,4,3,6,5,61,70,5,4,0,0,0,TRUE,"2025-12-03T07:00:26.706Z","2025-12-03T07:18:13.544Z","participant_P_1764745226705_8mg6cln_data.json",6.6334,0,1,1,0,4,5,4.5,4
"133","P_1764747841113_gsnhcwl","Neutral","",32,"Female","Some college, no degree","Multiple times/day",5,5,5,6,5,3,3,6,6,5,6,6,3,5,2,3,3,6,6,1,3,3,174813,1,1,3,5,3,3,5,3,3,3,3,3,74,26,3,3,0,0,2,TRUE,"2025-12-03T07:44:01.113Z","2025-12-03T07:57:00.842Z","participant_P_1764747841113_gsnhcwl_data.json",2.91355,0,1,1,0,6,3.5,3,5.5
"134","P_1765160117510_9x2ssym","Experience","",36,"Female","Some college, no degree","Weekly",5,5,3,5,3,5,3,5,5,5,5,3,3,5,3,3,3,5,5,0,6,5,17468,1,0,4,4,4,4,4,4,4,4,4,4,50,50,4,4,0,-2,-1,TRUE,"2025-12-08T02:15:17.511Z","2025-12-08T02:17:59.560Z","participant_P_1765160117510_9x2ssym_data.json",0.291133333333333,0,1,1,0,5,4,3,5
"135","P_1765570370130_rjgewft","Experience","",34,"Male","Master’s degree (e.g., MA, MS, MEd)","Multiple times/day",6,1,4,6,6,7,7,5,5,3,5,3,3,4,2,5,2,5,6,0,5,3,126877,2,0,3,6,4,2,2,3,1,1,5,5,62,33,1,1,0,-2,3,TRUE,"2025-12-12T20:12:50.131Z","2025-12-12T20:30:53.661Z","participant_P_1765570370130_rjgewft_data.json",2.11461666666667,1,0,1,1,5,3,3.5,4
"136","P_1765657113756_5xvriko","Sentient","",36,"Male","Master’s degree (e.g., MA, MS, MEd)","Weekly",1,2,1,1,3,1,3,6,6,4,6,7,7,1,2,7,5,4,6,0,1,4,345726,3,1,1,7,5,5,5,5,5,1,5,5,50,50,1,1,1,0,3,TRUE,"2025-12-13T20:18:33.757Z","2025-12-13T20:32:21.597Z","participant_P_1765657113756_5xvriko_data.json",5.7621,1,0,1,1,6,1.5,6,5
"137","P_1765705695116_va7lhtg","Sentient","",26,"Male","Bachelor’s degree (e.g., BA, BS)","Monthly",6,3,3,5,5,6,2,6,6,6,6,6,2,6,5,6,2,6,3,0,6,6,28011,1,0,5,5,3,3,3,3,3,3,3,3,50,37,3,3,0,-1,-1,TRUE,"2025-12-14T09:48:15.118Z","2025-12-14T09:53:50.581Z","participant_P_1765705695116_va7lhtg_data.json",0.46685,1,0,0,0,6,5.5,4,6
"138","P_1765723326672_cukdvjh","Sentient","",37,"Male","Professional degree (e.g., MD, DDS, DVM)","Weekly",5,6,3,5,3,6,3,5,6,5,5,3,3,5,3,6,3,5,5,1,3,6,50128,1,1,4,4,4,4,4,4,4,4,4,4,50,50,4,4,0,1,-2,TRUE,"2025-12-14T14:42:06.673Z","2025-12-14T14:44:43.829Z","participant_P_1765723326672_cukdvjh_data(1).json",0.835466666666667,1,0,1,1,5.5,4,4.5,5
"139","P_1765726536734_t72y5tn","Neutral","",35,"Female","Some college, no degree","Monthly",4,3,5,3,6,3,5,5,5,3,3,2,5,3,6,5,5,3,3,0,5,5,38226,1,0,3,4,4,4,4,4,4,4,4,4,50,50,4,4,0,-2,-1,TRUE,"2025-12-14T15:35:36.734Z","2025-12-14T15:37:33.442Z","participant_P_1765726536734_t72y5tn_data.json",0.6371,0,1,0,0,5,4.5,5,3
"140","P_1765770097387_l304ibd","Sentient","",37,"Female","Associate degree (e.g., AA, AS)","Daily",7,6,2,7,2,6,2,7,6,6,6,6,1,6,2,7,1,6,6,0,6,6,58827,1,1,7,6,6,6,7,6,6,6,6,6,89,90,7,7,1,1,0,TRUE,"2025-12-15T03:41:37.387Z","2025-12-15T03:45:18.009Z","participant_P_1765770097387_l304ibd_data.json",0.98045,0,1,1,0,6.5,4,4,6
"141","P_1766010086737_32esvd8","Experience","",40,"Male","Some college, no degree","Monthly",4,4,4,4,4,4,4,4,4,4,4,4,4,4,4,4,4,4,4,1,4,4,69292,1,1,4,4,4,4,4,4,4,4,4,4,50,50,4,4,0,0,0,TRUE,"2025-12-17T22:21:26.739Z","2025-12-17T22:23:24.204Z","participant_P_1766010086737_32esvd8_data.json",1.15486666666667,1,0,0,0,4,4,4,4
"142","P_1766020833247_f3sxcc2","Experience","",29,"Male","Master’s degree (e.g., MA, MS, MEd)","Daily",5,5,4,4,4,4,4,4,4,4,4,4,4,4,4,4,4,4,4,0,3,4,169223,3,0,4,5,5,4,6,6,6,5,6,6,81,76,5,6,0,1,1,TRUE,"2025-12-18T01:20:33.249Z","2025-12-18T01:27:53.520Z","participant_P_1766020833247_f3sxcc2_data.json",2.82038333333333,1,0,1,1,4,4,4,4
"143","P_1766045545893_fswjnoc","Experience","",26,"Male","Bachelor’s degree (e.g., BA, BS)","Daily",6,5,2,3,2,3,2,6,4,2,4,4,5,7,2,3,2,2,7,1,2,6,138711,2,1,2,6,6,6,2,6,2,1,3,6,69,8,6,6,0,0,0,TRUE,"2025-12-18T08:12:25.893Z","2025-12-18T08:19:21.915Z","participant_P_1766045545893_fswjnoc_data.json",2.31185,1,0,1,0,5,4.5,2.5,3
"144","P_1766046011311_zw1dshw","Sentient","",55,"Female","Associate degree (e.g., AA, AS)","Monthly",6,2,2,5,6,6,5,5,4,5,2,2,3,3,5,6,3,7,1,1,1,7,86085,3,1,1,7,6,2,5,6,2,5,2,6,81,18,6,6,0,0,0,TRUE,"2025-12-18T08:20:11.312Z","2025-12-18T08:23:54.023Z","participant_P_1766046011311_zw1dshw_data.json",1.43475,0,1,0,0,4.5,4,4.5,3.5
"145","P_1766046270282_16gy1h5","Experience","",23,"Male","Bachelor’s degree (e.g., BA, BS)","Multiple times/day",2,6,5,6,6,7,3,6,2,3,6,6,6,7,7,3,2,7,7,0,7,6,98988,1,0,7,7,3,7,6,2,6,6,6,6,80,12,6,6,0,0,1,TRUE,"2025-12-18T08:24:30.283Z","2025-12-18T08:28:27.889Z","participant_P_1766046270282_16gy1h5_data.json",1.6498,1,0,1,0,4,7,2.5,4.5
"146","P_1766046533964_mvgm1js","Experience","",40,"Female","Master’s degree (e.g., MA, MS, MEd)","Weekly",5,3,2,4,3,4,4,6,6,7,5,2,2,2,7,6,4,5,2,1,2,5,178974,2,0,5,4,6,6,5,7,4,5,6,6,68,34,6,5,-1,3,-1,TRUE,"2025-12-18T08:28:53.965Z","2025-12-18T08:34:52.401Z","participant_P_1766046533964_mvgm1js_data.json",2.9829,0,1,1,1,6,4.5,5,6
"147","P_1766047018807_yky0jsm","Neutral","",48,"Female","Professional degree (e.g., MD, DDS, DVM)","Monthly",6,3,1,5,4,3,4,3,3,1,4,2,1,6,6,6,5,4,4,1,3,6,54758,2,1,3,5,3,2,4,2,1,3,2,2,62,35,4,3,0,0,-1,TRUE,"2025-12-18T08:36:58.808Z","2025-12-18T08:40:07.359Z","participant_P_1766047018807_yky0jsm_data.json",0.912633333333333,0,1,0,1,3,6,5.5,2.5
"148","P_1766112359738_bz6dk3a","Sentient","",28,"Female","Master’s degree (e.g., MA, MS, MEd)","Multiple times/day",5,5,2,2,1,5,1,5,6,7,4,3,6,2,1,7,6,7,6,0,6,5,248696,3,1,2,6,6,5,7,2,4,2,7,5,50,50,1,2,1,-4,1,TRUE,"2025-12-19T02:45:59.739Z","2025-12-19T03:12:03.812Z","participant_P_1766112359738_bz6dk3a_data.json",4.14493333333333,0,1,1,1,5.5,1.5,6.5,5.5
"149","P_1766131359966_5vls00u","Sentient","",24,"Male","Bachelor’s degree (e.g., BA, BS)","Daily",5,7,5,5,5,6,2,7,6,7,6,6,6,6,6,6,6,6,6,0,5,4,170900,5,0,7,6,6,5,6,5,5,4,4,4,81,33,4,4,0,2,2,TRUE,"2025-12-19T08:02:39.968Z","2025-12-19T08:11:27.028Z","participant_P_1766131359966_5vls00u_data.json",2.84833333333333,1,0,1,0,6.5,6,6,6.5
"150","P_1766131999007_boevt86","Experience","",32,"Female","Master’s degree (e.g., MA, MS, MEd)","Weekly",7,6,5,6,5,6,1,7,7,7,6,6,6,6,6,6,6,6,6,1,2,5,251446,3,1,2,6,6,6,2,2,2,2,6,6,50,50,2,2,0,0,1,TRUE,"2025-12-19T08:13:19.009Z","2025-12-19T12:51:54.127Z","participant_P_1766131999007_boevt86_data.json",4.19076666666667,0,1,1,1,7,6,6,6.5
"151","P_1766151873279_mfxqall","Experience","",34,"Male","Doctorate (e.g., PhD, EdD)","Multiple times/day",6,6,5,6,5,4,5,5,6,6,4,2,4,4,6,3,3,3,3,0,5,6,243718,7,0,5,4,4,4,4,4,4,4,4,4,50,67,4,5,0,0,-2,TRUE,"2025-12-19T13:44:33.280Z","2025-12-19T13:50:14.155Z","participant_P_1766151873279_mfxqall_data.json",4.06196666666667,1,0,1,1,5.5,5,3,5
"152","P_1766152296160_tkpu7bl","Neutral","",20,"Female","Some college, no degree","Weekly",5,4,4,6,4,4,4,5,4,5,5,4,2,4,4,4,3,4,5,1,5,4,88785,3,0,5,4,6,6,4,4,5,6,4,4,80,50,5,4,-1,0,0,TRUE,"2025-12-19T13:51:36.168Z","2025-12-19T14:01:08.374Z","participant_P_1766152296160_tkpu7bl_data.json",1.47975,0,1,1,0,4.5,4,3.5,5
"153","P_1766152962092_du2s5va","Experience","",22,"Male","Associate degree (e.g., AA, AS)","Daily",2,3,2,6,4,5,4,4,4,4,6,4,2,2,2,6,5,6,6,1,5,6,209415,5,1,5,4,4,4,6,4,4,4,5,4,74,28,4,5,0,0,-2,TRUE,"2025-12-19T14:02:42.093Z","2025-12-19T14:08:33.913Z","participant_P_1766152962092_du2s5va_data.json",3.49025,1,0,1,0,4,2,5.5,5
"154","P_1766153380351_bcxtfvs","Neutral","",30,"Female","Bachelor’s degree (e.g., BA, BS)","Monthly",6,4,2,4,5,6,2,6,6,6,4,4,3,4,2,5,5,7,6,1,6,6,71790,3,1,4,4,4,4,4,4,4,4,4,2,74,28,6,4,0,-2,-2,TRUE,"2025-12-19T14:09:40.352Z","2025-12-19T14:12:33.105Z","participant_P_1766153380351_bcxtfvs_data.json",1.1965,0,1,0,0,6,3,5,5
"155","P_1766153850437_57sei39","Neutral","",25,"Female","Bachelor’s degree (e.g., BA, BS)","Weekly",5,5,3,4,4,4,5,5,5,4,4,3,5,6,4,6,3,4,3,0,4,4,34312,2,0,4,4,3,4,5,5,4,4,4,3,88,16,4,5,0,0,0,TRUE,"2025-12-19T14:17:30.438Z","2025-12-19T14:19:42.032Z","participant_P_1766153850437_57sei39_data.json",0.571866666666667,0,1,1,0,5,5,4.5,4
"156","P_1766154080373_vrr2zbu","Sentient","",22,"Female","Bachelor’s degree (e.g., BA, BS)","Daily",3,6,3,4,3,4,3,7,6,6,6,4,3,4,4,4,4,4,4,1,4,4,177815,4,0,5,4,4,6,3,6,4,4,4,5,73,26,5,5,-1,1,0,TRUE,"2025-12-19T14:21:20.378Z","2025-12-19T14:26:19.864Z","participant_P_1766154080373_vrr2zbu_data.json",2.96358333333333,0,1,1,0,6.5,4,4,6
"157","P_1766579240037_jtbczwi","Sentient","",40,"Female","Master’s degree (e.g., MA, MS, MEd)","Daily",2,1,1,6,2,6,3,7,7,7,5,4,3,4,2,6,5,7,4,0,4,4,296583,3,0,1,7,6,3,7,7,6,1,6,7,14,6,7,5,0,-3,3,TRUE,"2025-12-24T12:27:20.038Z","2025-12-24T12:45:53.246Z","participant_P_1766579240037_jtbczwi_data.json",4.94305,0,1,1,1,7,3,5.5,6
"158","P_1767716047629_5mwxn0c","Neutral","",30,"Male","Master’s degree (e.g., MA, MS, MEd)","Weekly",5,3,2,1,2,5,2,4,5,4,3,4,4,5,5,5,5,5,5,1,4,4,14932,1,1,1,6,1,1,1,1,2,3,3,3,50,35,1,1,0,-3,2,TRUE,"2026-01-06T16:14:07.629Z","2026-01-06T16:17:47.278Z","participant_P_1767716047629_5mwxn0c_data.json",0.248866666666667,1,0,1,1,4.5,5,5,3.5
"159","P_1767760465741_hsvmflk","Neutral","",33,"Prefer not to say","Professional degree (e.g., MD, DDS, DVM)","Weekly",6,6,5,5,5,5,5,5,5,5,5,5,5,5,6,4,4,4,4,0,4,4,89965,3,1,3,4,2,2,2,3,3,2,4,5,50,50,2,2,1,-1,0,TRUE,"2026-01-07T04:34:25.741Z","2026-01-07T04:41:33.000Z","participant_P_1767760465741_hsvmflk_data.json",1.49941666666667,0,0,1,1,5,5.5,4,5
"160","P_1767790277963_4gakao9","Neutral","",30,"Female","Master’s degree (e.g., MA, MS, MEd)","Multiple times/day",4,6,4,4,3,5,4,6,6,6,5,5,3,4,6,5,5,5,5,1,3,3,52334,3,1,2,5,2,2,1,1,4,3,3,3,50,50,1,1,0,-1,2,TRUE,"2026-01-07T12:51:17.963Z","2026-01-07T12:56:04.403Z","participant_P_1767790277963_4gakao9_data.json",0.872233333333333,0,1,1,1,6,5,5,5.5
"161","P_1767791288476_3wtcg94","Experience","",28,"Male","Associate degree (e.g., AA, AS)","Never",5,3,3,2,2,6,5,5,6,5,3,3,5,5,3,3,6,2,5,0,5,6,132106,1,1,3,5,3,3,3,3,5,3,5,5,41,63,3,3,1,-2,-1,TRUE,"2026-01-07T13:08:08.476Z","2026-01-07T13:25:50.568Z","participant_P_1767791288476_3wtcg94_data.json",2.20176666666667,1,0,0,0,5.5,4,4.5,4
"162","P_1767791347173_6gye2hd","Experience","",25,"Male","High school graduate or equivalent (e.g., GED)","Multiple times/day",3,5,5,6,5,5,5,6,5,6,4,5,4,6,4,6,3,5,3,1,2,5,317588,4,0,2,5,2,2,1,2,4,3,5,5,57,38,2,3,-1,0,0,TRUE,"2026-01-07T13:09:07.174Z","2026-01-07T13:18:16.809Z","participant_P_1767791347173_6gye2hd_data.json",5.29313333333333,1,0,1,0,5.5,5,4.5,5
"163","P_1767804068243_qbawp0j","Experience","https://tinyurl.com/aionemba",45,"Male","Some college, no degree","Daily",6,1,1,4,4,7,6,7,7,2,7,7,6,2,1,6,6,6,5,0,4,4,641638,2,0,4,6,2,2,3,1,1,1,6,6,50,50,4,1,0,0,2,TRUE,"2026-01-07T16:41:08.243Z","2026-01-07T16:58:05.935Z","participant_P_1767804068243_qbawp0j_data.json",10.6939666666667,1,0,1,0,7,1.5,6,4.5
"164","P_1767862587441_lyls9em","Sentient","",18,"Male","High school graduate or equivalent (e.g., GED)","Daily",5,5,3,5,3,5,3,5,5,5,5,5,3,5,4,5,3,5,4,1,5,5,36520,1,1,5,4,5,5,4,4,5,4,5,5,55,26,4,4,0,0,-1,TRUE,"2026-01-08T08:56:27.442Z","2026-01-08T08:58:34.312Z","participant_P_1767862587441_lyls9em_data.json",0.608666666666667,1,0,1,0,5,4.5,4,5
"165","P_1767862733210_mq627gt","Sentient","",24,"Female","Master’s degree (e.g., MA, MS, MEd)","Weekly",5,5,3,5,3,5,3,5,5,3,3,3,5,6,3,3,3,5,5,1,5,5,8191,0,1,5,5,5,5,5,5,5,5,3,5,28,72,5,5,0,0,0,TRUE,"2026-01-08T08:58:53.211Z","2026-01-08T09:00:35.560Z","participant_P_1767862733210_mq627gt_data.json",0.136516666666667,0,1,1,1,5,4.5,3,3
"166","P_1767862869288_65f8pfe","Experience","",50,"Male","Some college, no degree","Monthly",3,3,5,3,3,3,2,5,5,5,5,5,3,5,3,3,3,5,5,0,4,4,9775,0,1,5,5,3,3,5,5,3,5,5,5,67,68,5,3,1,1,1,TRUE,"2026-01-08T09:01:09.289Z","2026-01-08T09:02:47.152Z","participant_P_1767862869288_65f8pfe_data.json",0.162916666666667,1,0,0,0,5,4,3,5
"167","P_1767863028780_2490fwg","Neutral","",40,"Female","Some college, no degree","Never",5,5,3,3,3,5,3,5,5,5,5,5,3,5,3,5,3,3,5,0,3,3,9277,0,1,5,5,3,5,3,5,3,2,2,2,19,17,2,2,1,2,2,TRUE,"2026-01-08T09:03:48.781Z","2026-01-08T09:05:20.897Z","participant_P_1767863028780_2490fwg_data.json",0.154616666666667,0,1,0,0,5,4,4,5
"168","P_1767957314691_v440jtx","Sentient","https://tinyurl.com/aionemba",40,"Male","Master’s degree (e.g., MA, MS, MEd)","Daily",3,3,3,3,2,3,2,6,6,5,4,6,6,3,3,7,3,6,3,1,2,6,409919,2,1,1,6,2,5,3,3,5,2,5,4,22,72,1,1,0,-1,0,TRUE,"2026-01-09T11:15:14.691Z","2026-01-09T11:51:07.620Z","participant_P_1767957314691_v440jtx_data.json",6.83198333333333,1,0,1,1,6,3,5,4.5
"169","P_1767962180799_70kf4x7","Neutral","https://tinyurl.com/aionemba",37,"Female","Bachelor’s degree (e.g., BA, BS)","Daily",5,2,5,3,3,6,2,6,6,5,7,6,7,4,6,7,4,5,4,0,2,4,1082602,5,0,2,5,4,5,5,2,3,3,6,7,56,78,3,1,0,0,1,TRUE,"2026-01-09T12:36:20.800Z","2026-01-09T13:14:52.347Z","participant_P_1767962180799_70kf4x7_data.json",18.0433666666667,0,1,1,0,6,5,5.5,6
"170","P_1768136050047_vzayhh9","Neutral","tinyurl.com/aionemba",32,"Male","Professional degree (e.g., MD, DDS, DVM)","Daily",2,5,5,5,2,5,3,5,5,6,3,3,5,5,3,5,4,6,3,1,2,5,600708,6,0,5,6,2,3,3,3,3,4,7,7,78,90,2,2,-1,3,1,TRUE,"2026-01-11T12:54:10.047Z","2026-01-11T13:09:21.602Z","participant_P_1768136050047_vzayhh9_data aug.json",10.0118,1,0,1,1,5,4,4.5,4.5
"171","P_1768163361178_7al0jyb","Experience","",39,"Male","Doctorate (e.g., PhD, EdD)","Multiple times/day",6,4,4,4,2,6,3,4,4,4,4,6,6,3,2,7,4,7,4,0,5,7,90821,1,0,5,7,4,7,6,6,6,7,5,6,50,82,2,4,0,0,0,TRUE,"2026-01-11T20:29:21.178Z","2026-01-11T20:36:46.684Z","participant_P_1768163361178_7al0jyb_data.json",1.51368333333333,1,0,1,1,4,2.5,5.5,4
"172","P_1768173568088_b9y4i5z","Neutral","",36,"Female","Professional degree (e.g., MD, DDS, DVM)","Monthly",5,5,5,3,3,5,6,5,5,5,5,6,6,2,2,6,4,4,4,1,2,4,601657,7,1,2,6,6,3,2,2,6,2,3,6,38,65,2,2,0,0,2,TRUE,"2026-01-11T23:19:28.089Z","2026-01-11T23:37:22.405Z","participant_P_1768173568088_b9y4i5z_data.json",10.0276166666667,0,1,0,1,5,2,5,5
"173","P_1768178643517_u4yqzkf","Neutral","",35,"Male","Some college, no degree","Weekly",3,3,5,3,5,2,6,3,3,2,3,2,5,2,5,3,3,4,5,1,5,5,12143,0,1,3,5,5,3,5,5,3,5,5,5,73,71,5,5,0,-2,0,TRUE,"2026-01-12T00:44:03.519Z","2026-01-12T00:45:45.024Z","participant_P_1768178643517_u4yqzkf_data.json",0.202383333333333,1,0,1,0,3,3.5,3,2.5
"174","P_1768178762725_5jdgy24","Sentient","",65,"Male","Master’s degree (e.g., MA, MS, MEd)","Weekly",6,5,5,6,2,6,2,3,5,5,5,3,2,6,5,6,5,5,6,1,3,5,7823,0,1,3,6,3,5,5,3,5,6,5,6,68,83,5,6,0,0,1,TRUE,"2026-01-12T00:46:02.726Z","2026-01-12T00:47:28.530Z","participant_P_1768178762725_5jdgy24_data.json",0.130383333333333,1,0,1,1,4,5.5,5.5,5
"175","P_1768178862507_b5reu82","Sentient","",45,"Male","Less than high school","Monthly",5,5,3,5,2,5,2,6,6,2,6,5,2,6,3,6,3,6,6,1,6,5,5152,0,1,3,5,5,5,6,5,5,5,6,5,72,64,5,5,0,-3,0,TRUE,"2026-01-12T00:47:42.508Z","2026-01-12T00:49:05.944Z","participant_P_1768178862507_b5reu82_data.json",0.0858666666666667,1,0,0,0,6,4.5,4.5,4
"176","P_1768178956201_vrdkp0m","Sentient","",35,"Female","High school graduate or equivalent (e.g., GED)","Monthly",6,5,5,6,3,5,5,6,5,6,6,7,3,6,3,5,3,6,6,1,3,6,5591,0,1,3,6,5,6,5,5,5,5,3,6,74,68,5,6,0,0,0,TRUE,"2026-01-12T00:49:16.202Z","2026-01-12T00:50:54.648Z","participant_P_1768178956201_vrdkp0m_data.json",0.0931833333333333,0,1,0,0,5.5,4.5,4,6
"177","P_1768226320884_hjtlkpj","Experience","",53,"Female","Bachelor’s degree (e.g., BA, BS)","Daily",6,4,5,3,1,7,5,7,7,7,6,6,3,6,2,6,3,5,5,1,1,7,157318,3,1,1,7,6,1,3,3,3,1,5,5,93,87,5,3,0,0,0,TRUE,"2026-01-12T13:58:40.885Z","2026-01-12T14:06:15.350Z","participant_P_1768226320884_hjtlkpj_data.json",2.62196666666667,0,1,1,0,7,4,4.5,6.5
"178","P_1768232636026_vcawe0y","Sentient","",24,"Female","Bachelor’s degree (e.g., BA, BS)","Weekly",4,3,3,5,3,5,3,5,5,5,5,5,5,5,3,5,5,5,5,1,5,5,198096,2,1,4,3,4,4,4,4,3,3,4,4,50,50,5,4,0,-1,-2,TRUE,"2026-01-12T15:43:56.026Z","2026-01-12T15:59:04.399Z","participant_P_1768232636026_vcawe0y_data.json",3.3016,0,1,1,0,5,4,5,5
"179","P_1768314753502_16o8h5y","Experience","",36,"Female","Bachelor’s degree (e.g., BA, BS)","Daily",5,5,5,3,5,6,5,6,6,5,6,6,5,5,5,5,5,5,5,1,1,3,162172,1,1,3,5,4,5,2,2,5,3,5,6,74,39,3,2,0,2,2,TRUE,"2026-01-13T14:32:33.503Z","2026-01-13T14:53:08.647Z","participant_P_1768314753502_16o8h5y_data.json",2.70286666666667,0,1,1,0,6,5,5,5.5
"180","P_1768316936146_r1j8nb3","Sentient","",42,"Male","Master’s degree (e.g., MA, MS, MEd)","Multiple times/day",6,1,6,5,6,5,6,6,6,4,3,5,6,5,5,6,5,3,5,1,2,5,188404,4,1,2,5,5,2,2,2,2,2,5,5,50,39,5,2,0,0,0,TRUE,"2026-01-13T15:08:56.146Z","2026-01-13T15:15:31.424Z","participant_P_1768316936146_r1j8nb3_data.json",3.14006666666667,1,0,1,1,6,5,5.5,3.5
"181","P_1768318366321_i1m7acv","Experience","",36,"Male","Master’s degree (e.g., MA, MS, MEd)","Weekly",5,2,2,5,6,6,5,3,5,4,3,2,6,2,3,5,6,6,5,1,2,7,313726,3,1,5,5,6,5,6,6,5,5,5,6,37,69,5,5,0,3,-2,TRUE,"2026-01-13T15:32:46.322Z","2026-01-13T15:45:26.294Z","participant_P_1768318366321_i1m7acv_data.json",5.22876666666667,1,0,1,1,4,2.5,5.5,3.5
"182","P_1768320756506_nxh2bsi","Experience","",24,"Female","Master’s degree (e.g., MA, MS, MEd)","Daily",4,1,3,2,2,4,4,7,7,7,7,4,4,4,7,7,5,7,5,1,1,6,345851,2,1,2,6,1,1,1,1,5,5,5,7,50,50,5,3,0,1,0,TRUE,"2026-01-13T16:12:36.507Z","2026-01-13T16:38:15.799Z","participant_P_1768320756506_nxh2bsi_data.json",5.76418333333333,0,1,1,1,7,5.5,6,7
"183","P_1768325254725_gueu5jo","Experience","https://tinyurl.com/aionemba",33,"Male","Master’s degree (e.g., MA, MS, MEd)","Daily",4,3,3,2,2,5,3,5,5,5,4,4,6,4,3,7,5,4,4,0,3,6,260811,3,0,6,6,3,3,3,5,4,4,6,6,64,71,5,4,0,3,0,TRUE,"2026-01-13T17:27:34.725Z","2026-01-13T17:44:07.277Z","participant_P_1768325254725_gueu5jo_data.json",4.34685,1,0,1,1,5,3.5,6,4.5
"184","P_1768480939986_be8x851","Experience","",34,"Male","Professional degree (e.g., MD, DDS, DVM)","Multiple times/day",6,1,5,5,5,6,6,7,6,5,4,3,3,4,4,5,3,6,5,0,5,6,287938,5,0,6,6,2,7,1,1,2,6,7,7,88,66,1,1,0,1,0,TRUE,"2026-01-15T12:42:19.987Z","2026-01-15T12:50:49.313Z","participant_P_1768480939986_be8x851_data.json",4.79896666666667,1,0,1,1,6.5,4,4,4.5
"185","P_1768659913543_nn02j7w","Sentient","",39,"Male","Professional degree (e.g., MD, DDS, DVM)","Weekly",4,3,6,3,2,3,4,5,5,5,5,5,5,2,2,5,4,5,5,1,2,4,553365,5,1,2,6,6,6,5,3,6,2,6,2,26,37,6,3,0,0,2,TRUE,"2026-01-17T14:25:13.543Z","2026-01-17T14:41:03.258Z","participant_P_1768659913543_nn02j7w_data.json",9.22275,1,0,1,1,5,2,4.5,5
"186","P_1768737370039_qhoe1ce","Sentient","",39,"Male","Bachelor’s degree (e.g., BA, BS)","Multiple times/day",6,5,3,2,6,5,3,6,6,6,4,3,6,4,4,6,5,5,3,1,3,5,1091705,8,1,2,5,5,3,3,3,2,2,3,4,60,70,2,3,0,-1,0,TRUE,"2026-01-18T11:56:10.040Z","2026-01-18T12:40:34.008Z","participant_P_1768737370039_qhoe1ce_data.json",18.1950833333333,1,0,1,0,6,4,5.5,5
"187","P_1768740676988_0jt5c1h","Neutral","",37,"Female","Bachelor’s degree (e.g., BA, BS)","Daily",5,3,3,3,3,4,3,5,6,5,5,5,5,3,2,5,5,5,3,0,2,1,850071,2,0,3,3,3,5,2,3,5,5,5,5,60,30,3,4,0,1,2,TRUE,"2026-01-18T12:51:16.989Z","2026-01-18T13:28:12.866Z","participant_P_1768740676988_0jt5c1h_data.json",14.16785,0,1,1,0,5.5,2.5,5,5
"188","P_1768744735188_91fgibe","Experience","",40,"Female","Professional degree (e.g., MD, DDS, DVM)","Multiple times/day",5,3,5,5,6,6,3,6,5,6,6,6,6,5,5,6,3,6,2,0,5,5,751270,4,1,3,5,7,7,6,6,7,6,7,6,78,78,6,6,1,-2,0,TRUE,"2026-01-18T13:58:55.190Z","2026-01-18T14:31:46.622Z","participant_P_1768744735188_91fgibe_data.json",12.5211666666667,0,1,1,1,5.5,5,4.5,6
"189","P_1765990483874_8mijbyt","Neutral","",42,"Male","Master’s degree (e.g., MA, MS, MEd)","Multiple times/day",4,2,4,4,4,7,4,7,5,4,7,7,7,7,7,5,6,7,6,1,1,7,320306,2,1,1,7,4,7,4,5,5,1,4,6,42,77,5,5,0,0,0,TRUE,"2025-12-17T16:54:43.875Z","2025-12-17T17:48:28.741Z","participant_Reynald_SALMON.json",5.33843333333333,1,0,1,1,6,7,5.5,5.5
"190","P_1768299684841_zwf1ej8","Experience","",46,"Male","Master’s degree (e.g., MA, MS, MEd)","Daily",5,1,7,2,1,6,6,5,5,6,5,7,2,5,5,6,3,5,5,0,5,5,435996,4,0,6,6,5,6,6,5,5,7,6,6,75,75,6,5,0,1,1,TRUE,"2026-01-13T10:21:24.841Z","2026-01-13T10:43:54.399Z","participant.json",7.2666,1,0,1,1,5,5,4.5,5.5
"191","P_1764319818718_ky4m3cc","Sentient","",35,"Male","Master’s degree (e.g., MA, MS, MEd)","Daily",4,5,3,5,4,4,4,4,4,4,4,4,4,4,4,4,4,4,4,0,7,7,47568,2,0,7,7,7,7,7,6,4,4,4,4,50,50,4,4,0,0,0,TRUE,"2025-11-28T08:50:18.718Z","2025-11-28T08:52:30.718Z","Participant1 copy.json",0.7928,1,0,1,1,4,4,4,4
"192","P_1765995906879_xidf42o","Sentient","",61,"Male","Master’s degree (e.g., MA, MS, MEd)","Monthly",4,3,2,3,2,6,5,5,5,3,5,5,3,6,2,6,4,5,6,1,2,6,61688,2,1,6,6,5,3,6,6,1,1,6,6,75,75,5,2,0,4,0,TRUE,"2025-12-17T18:25:06.879Z","2025-12-17T18:31:50.245Z","Participant1.json",1.02813333333333,1,0,0,1,5,4,5,4
"193","P_1767222936412_mmduhau","Experience","",37,"Female","Some college, no degree","Monthly",4,1,2,1,1,5,2,7,6,4,6,6,1,5,1,7,3,6,4,1,2,4,1664614,29,0,2,4,7,6,4,4,5,1,6,4,50,8,4,1,-1,0,0,TRUE,"2025-12-31T23:15:36.414Z","2025-12-31T23:59:43.234Z","participant10.json",27.7435666666667,0,1,0,0,6.5,3,5,5
"194","P_1768008464546_r7xxzwv","Sentient","",31,"Female","Bachelor’s degree (e.g., BA, BS)","Multiple times/day",5,6,5,5,6,5,1,7,7,5,5,5,6,4,7,7,6,7,2,1,2,3,634493,1,1,1,7,7,1,3,5,4,5,4,5,50,50,3,1,0,-1,4,TRUE,"2026-01-10T01:27:44.546Z","2026-01-10T02:04:30.068Z","Participant12.json",10.5748833333333,0,1,1,0,7,5.5,6.5,5
"195","P_1765845880164_s9tqykb","Neutral","",50,"Male","Doctorate (e.g., PhD, EdD)","Weekly",3,1,1,1,1,4,2,5,6,5,4,4,3,2,3,7,5,6,5,1,2,6,219999,8,1,1,7,2,1,2,1,2,1,5,5,77,25,2,1,0,-1,1,TRUE,"2025-12-16T00:44:40.164Z","2025-12-16T00:52:41.944Z","participant14.json",3.66665,1,0,1,1,5.5,2.5,6,4.5
"196","P_1765884011578_a990rj4","Experience","",32,"Male","Master’s degree (e.g., MA, MS, MEd)","Monthly",5,5,5,6,6,6,5,5,5,5,6,5,5,5,4,5,4,4,5,0,3,3,878985,5,1,2,4,3,2,3,3,4,4,4,4,57,64,2,1,1,-1,1,TRUE,"2025-12-16T11:20:11.578Z","2025-12-16T11:39:50.929Z","participant15.json",14.64975,1,0,0,1,5,4.5,4.5,5.5
"197","P_1765885312964_uwf8i5f","Neutral","",34,"Male","Bachelor’s degree (e.g., BA, BS)","Monthly",3,1,1,5,5,3,3,6,6,5,7,3,4,2,2,7,6,4,4,1,1,6,359173,5,1,2,6,4,4,1,1,2,2,4,4,35,62,3,2,0,1,0,TRUE,"2025-12-16T11:41:52.964Z","2025-12-16T12:03:18.869Z","participant16.json",5.98621666666667,1,0,0,0,6,2,6.5,6
"198","P_1765886812977_5q5w4z8","Experience","",26,"Male","Bachelor’s degree (e.g., BA, BS)","Never",3,2,3,2,2,3,3,4,4,3,5,2,2,1,3,7,5,6,6,1,1,7,361392,6,1,1,6,2,2,1,1,4,2,4,4,66,33,2,2,0,0,-1,TRUE,"2025-12-16T12:06:52.977Z","2025-12-16T12:17:18.462Z","participant17.json",6.0232,1,0,0,0,4,2,6,4
"199","P_1767704379963_27y3eh1","Sentient","",29,"Female","Master’s degree (e.g., MA, MS, MEd)","Multiple times/day",7,7,5,4,6,7,6,7,7,7,7,6,2,7,7,7,4,5,4,1,2,2,1822331,2,1,1,1,7,7,7,7,7,1,7,1,45,46,7,2,0,-1,-1,TRUE,"2026-01-06T12:59:39.964Z","2026-01-06T18:18:49.507Z","Participant18.json",30.3721833333333,0,1,1,1,7,7,5.5,7
"200","P_1765255307329_ckc1xxk","Neutral","",35,"Female","Doctorate (e.g., PhD, EdD)","Daily",3,4,7,4,6,5,1,4,4,3,5,5,5,5,4,6,5,6,5,0,4,3,877341,1,1,4,3,5,4,4,5,5,3,5,5,50,30,4,4,1,0,0,TRUE,"2025-12-09T04:41:47.329Z","2025-12-09T15:48:36.669Z","participant19.json",14.62235,0,1,1,1,4,4.5,5.5,4
"201","P_1765197281997_rkrvdrj","Experience","",31,"Male","Bachelor’s degree (e.g., BA, BS)","Monthly",5,3,4,5,5,5,4,5,5,7,3,3,5,5,5,5,3,5,5,1,5,5,153214,3,0,5,3,5,5,3,5,5,4,5,5,70,10,1,1,-1,0,-2,TRUE,"2025-12-08T12:34:41.997Z","2025-12-08T12:42:07.970Z","participant1a.json",2.55356666666667,1,0,0,0,5,5,4,5
"202","P_1764320147049_xuxmc7o","Experience","",33,"Female","Master’s degree (e.g., MA, MS, MEd)","Multiple times/day",4,1,2,6,6,3,5,2,2,1,6,3,5,6,7,4,4,6,7,1,2,7,299519,3,1,1,7,7,6,5,3,6,2,5,2,9,14,2,1,0,-1,0,TRUE,"2025-11-28T08:55:47.049Z","2025-11-28T09:09:37.961Z","Participant2 copy.json",4.99198333333333,0,1,1,1,2,6.5,4,3.5
"203","P_1765997181748_g7j083n","Neutral","",57,"Female","High school graduate or equivalent (e.g., GED)","Weekly",3,2,2,2,1,6,1,7,7,6,7,7,7,2,6,7,4,7,5,1,1,6,179007,2,1,1,7,2,1,1,2,1,1,3,6,50,81,1,1,0,0,1,TRUE,"2025-12-17T18:46:21.748Z","2025-12-17T18:59:11.899Z","Participant2.json",2.98345,0,1,1,0,7,4,5.5,6.5
"204","P_1765246227531_1u6xsz6","Sentient","",35,"Male","Bachelor’s degree (e.g., BA, BS)","Daily",6,6,2,6,5,6,6,6,6,6,6,6,3,7,5,6,6,7,7,1,3,5,278734,3,1,3,5,3,3,5,5,1,1,5,5,81,72,3,5,0,0,0,TRUE,"2025-12-09T02:10:27.532Z","2025-12-09T03:31:08.870Z","participant20.json",4.64556666666667,1,0,1,0,6,6,6,6
"205","P_1765342450289_9n3luyf","Neutral","",33,"Male","Associate degree (e.g., AA, AS)","Multiple times/day",6,2,7,7,7,6,6,6,6,6,4,2,2,6,7,2,2,3,6,0,6,7,584510,7,0,6,6,1,6,3,4,4,4,5,6,90,70,4,4,0,0,-1,TRUE,"2025-12-10T04:54:10.290Z","2025-12-10T05:28:33.674Z","participant21.json",9.74183333333333,1,0,1,0,6,6.5,2,5
"206","P_1765170214042_gjduxx8","Sentient","",35,"Female","Bachelor’s degree (e.g., BA, BS)","Daily",6,1,5,6,2,3,4,4,5,1,2,4,5,3,1,7,6,7,7,1,2,6,838475,3,1,2,6,7,1,4,3,2,2,5,5,88,8,1,2,0,0,0,TRUE,"2025-12-08T05:03:34.042Z","2025-12-08T05:49:30.099Z","participant22.json",13.9745833333333,0,1,1,0,4.5,2,6.5,1.5
"207","P_1765249948621_zqqv1z5","Sentient","",29,"Female","Bachelor’s degree (e.g., BA, BS)","Weekly",5,3,4,5,4,4,2,6,5,5,6,7,4,5,5,5,5,5,5,0,3,3,193343,1,0,5,4,5,5,6,6,5,5,5,5,87,85,4,5,0,2,1,TRUE,"2025-12-09T03:12:28.622Z","2025-12-09T03:33:37.295Z","participant23.json",3.22238333333333,0,1,1,0,5.5,5,5,5.5
"208","P_1765196670586_0s8fx4v","Experience","",36,"Female","Bachelor’s degree (e.g., BA, BS)","Multiple times/day",5,6,5,6,5,5,2,6,6,6,6,5,3,6,6,5,6,6,6,0,4,5,714647,6,0,4,4,7,2,6,6,4,4,6,6,50,64,6,3,0,0,-1,TRUE,"2025-12-08T12:24:30.586Z","2025-12-08T12:58:25.177Z","participant24.json",11.9107833333333,0,1,1,0,6,6,5.5,6
"209","P_1767082959993_4skr2r4","Neutral","",39,"Female","Bachelor’s degree (e.g., BA, BS)","Never",3,1,4,5,4,2,4,7,7,7,6,6,5,4,3,7,5,7,5,1,4,4,285216,3,1,1,7,4,1,1,1,1,1,2,4,25,50,1,1,0,-3,3,TRUE,"2025-12-30T08:22:39.995Z","2025-12-30T08:40:35.238Z","Participant25.json",4.7536,0,1,0,0,7,3.5,6,6.5
"210","P_1765114646917_p5zjy7a","Neutral","",65,"Female","High school graduate or equivalent (e.g., GED)","Monthly",6,2,2,2,2,6,1,6,5,7,6,7,2,7,7,7,7,6,2,1,2,6,395099,1,0,2,6,1,3,2,1,5,3,6,6,74,51,6,4,-1,0,0,TRUE,"2025-12-07T13:37:26.918Z","2025-12-07T14:08:28.552Z","participant26.json",6.58498333333333,0,1,0,0,5.5,7,7,6.5
"211","P_1765333643800_bwjcvhl","Neutral","",24,"Male","Some college, no degree","Daily",6,5,3,3,1,5,1,7,7,7,7,5,1,5,1,4,4,7,5,1,3,4,58449,1,1,4,4,5,5,5,4,1,1,4,6,80,50,2,1,0,1,0,TRUE,"2025-12-10T02:27:23.800Z","2025-12-10T02:44:12.492Z","participant27.json",0.97415,1,0,1,0,7,3,4,7
"212","P_1765718680223_qp549n7","Sentient","",35,"Female","Bachelor’s degree (e.g., BA, BS)","Weekly",6,2,2,2,1,2,3,6,2,6,6,6,6,6,2,2,7,6,6,1,1,6,189724,1,1,2,7,6,2,2,6,6,2,2,2,82,11,1,1,0,1,1,TRUE,"2025-12-14T13:24:40.225Z","2025-12-14T13:39:24.688Z","participant28.json",3.16206666666667,0,1,1,0,4,4,4.5,6
"213","P_1765678021626_n91y6b5","Sentient","",28,"Female","Bachelor’s degree (e.g., BA, BS)","Never",4,4,1,4,1,4,4,4,4,2,4,6,4,2,4,6,4,2,4,0,6,4,165601,1,0,5,4,5,3,1,5,4,4,5,2,71,71,5,4,0,-1,0,TRUE,"2025-12-14T02:07:01.627Z","2025-12-14T02:27:29.993Z","participant29.json",2.76001666666667,0,1,0,0,4,3,5,3
"214","P_1765226689058_fm6zgwq","Experience","",38,"Male","High school graduate or equivalent (e.g., GED)","Weekly",6,2,7,4,4,4,3,3,5,5,3,2,6,2,2,7,1,4,4,1,4,4,124040,1,1,5,6,6,6,6,6,6,7,5,7,20,50,2,1,0,1,2,TRUE,"2025-12-08T20:44:49.058Z","2025-12-08T20:53:31.190Z","participant2a.json",2.06733333333333,1,0,1,0,4,2,4,4
"215","P_1766000613714_lqo7t2t","Neutral","",44,"Male","Master’s degree (e.g., MA, MS, MEd)","Multiple times/day",6,5,4,6,2,6,6,6,6,5,4,7,7,6,2,5,6,7,6,0,4,4,145209,1,1,4,4,3,3,6,5,5,4,5,6,80,72,6,5,1,0,0,TRUE,"2025-12-17T19:43:33.714Z","2025-12-17T19:53:48.901Z","Participant3.json",2.42015,1,0,1,1,6,4,5.5,4.5
"216","P_1765337670797_lis9yh9","Sentient","",22,"Male","Bachelor’s degree (e.g., BA, BS)","Monthly",2,3,3,4,5,2,2,5,5,6,3,3,3,4,2,3,3,4,3,0,5,3,370226,1,0,4,4,4,4,4,4,4,4,4,4,50,50,4,4,0,-1,1,TRUE,"2025-12-10T03:34:30.797Z","2025-12-10T03:46:49.398Z","participant30.json",6.17043333333333,1,0,0,0,5,3,3,4.5
"217","P_1765338588255_zha2q66","Sentient","",25,"Female","Some college, no degree","Weekly",5,5,4,5,3,3,3,3,5,5,5,6,4,4,3,4,3,5,5,1,5,4,69001,1,1,5,5,5,4,3,5,4,3,5,5,68,65,3,4,0,0,1,TRUE,"2025-12-10T03:49:48.256Z","2025-12-10T03:59:17.696Z","participant31.json",1.15001666666667,0,1,1,0,4,3.5,3.5,5
"218","P_1765271246366_f7gib22","Experience","",23,"Male","Some college, no degree","Weekly",7,3,3,5,2,5,5,2,6,3,6,5,5,5,5,5,5,6,3,1,1,1,87175,1,1,1,7,4,2,2,5,2,2,3,3,9,10,3,2,0,0,6,TRUE,"2025-12-09T09:07:26.367Z","2025-12-09T09:22:41.464Z","participant33.json",1.45291666666667,1,0,1,0,4,5,5,4.5
"219","P_1765716565585_qmmx7dd","Sentient","",25,"Male","High school graduate or equivalent (e.g., GED)","Weekly",4,2,4,2,4,2,6,5,6,7,4,3,6,5,1,6,6,5,4,0,5,6,695648,4,0,6,6,2,6,6,3,6,2,2,6,79,18,6,6,0,1,0,TRUE,"2025-12-14T12:49:25.585Z","2025-12-14T13:22:55.929Z","participant34.json",11.5941333333333,1,0,1,0,5.5,3,6,5.5
"220","P_1765636808482_v42wdug","Experience","",25,"Male","Bachelor’s degree (e.g., BA, BS)","Daily",7,6,5,7,4,5,2,7,7,7,7,7,7,6,6,6,5,6,5,1,3,3,117199,1,1,4,3,5,4,3,3,4,3,5,5,67,0,1,5,0,1,0,TRUE,"2025-12-13T14:40:08.483Z","2025-12-13T14:50:24.264Z","participant35.json",1.95331666666667,1,0,1,0,7,6,5.5,7
"221","P_1765780900562_t8urrth","Experience","",24,"Female","Bachelor’s degree (e.g., BA, BS)","Multiple times/day",6,1,5,2,1,5,3,7,6,5,4,7,6,4,3,5,5,5,6,1,1,7,53353,1,1,1,7,4,4,3,4,5,3,4,4,50,0,4,4,0,0,0,TRUE,"2025-12-15T06:41:40.563Z","2025-12-15T06:51:21.249Z","participant37.json",0.889216666666667,0,1,1,0,6.5,3.5,5,4.5
"222","P_1765802655660_yp0kyrp","Neutral","",26,"Female","Bachelor’s degree (e.g., BA, BS)","Multiple times/day",6,1,5,3,1,5,3,7,6,6,6,7,6,3,2,5,5,7,7,1,2,7,275720,6,1,2,7,6,4,1,6,7,4,4,4,50,4,4,1,0,0,0,TRUE,"2025-12-15T12:44:15.661Z","2025-12-15T12:57:53.516Z","participant38.json",4.59533333333333,0,1,1,0,6.5,2.5,5,6
"223","P_1765802673834_5522ikb","Neutral","",25,"Female","Bachelor’s degree (e.g., BA, BS)","Daily",7,5,3,5,3,6,2,5,6,6,6,5,2,5,2,6,2,6,6,1,6,6,27648,1,0,6,6,6,5,6,6,6,6,6,6,82,92,5,6,-1,0,0,TRUE,"2025-12-15T12:44:33.834Z","2025-12-15T12:48:45.371Z","participant39.json",0.4608,0,1,1,0,5.5,3.5,4,6
"224","P_1765267989160_7l9o6p1","Neutral","",49,"Male","Master’s degree (e.g., MA, MS, MEd)","Multiple times/day",4,1,1,2,2,2,3,6,7,6,5,7,6,2,2,7,2,6,4,0,1,6,691220,2,0,2,6,1,6,1,1,6,1,7,7,50,0,1,1,0,1,0,TRUE,"2025-12-09T08:13:09.160Z","2025-12-09T08:37:13.940Z","participant3a.json",11.5203333333333,1,0,1,1,6.5,2,4.5,5.5
"225","P_1766005750220_1ytbxpx","Neutral","",53,"Male","Master’s degree (e.g., MA, MS, MEd)","Weekly",3,6,4,5,5,5,3,5,5,5,5,5,5,7,6,7,7,7,5,1,5,2,56865,1,1,3,3,5,5,5,3,3,3,4,4,67,29,4,4,0,-2,1,TRUE,"2025-12-17T21:09:10.221Z","2025-12-17T21:19:13.466Z","Participant4.json",0.94775,1,0,1,1,5,6.5,7,5
"226","P_1765809202798_isgunh8","Neutral","",32,"Male","Master’s degree (e.g., MA, MS, MEd)","Daily",5,5,6,7,4,7,4,7,7,5,7,2,6,5,3,7,6,7,7,1,2,5,98936,1,1,5,4,7,5,4,4,6,4,6,6,50,50,3,4,0,3,-1,TRUE,"2025-12-15T14:33:22.798Z","2025-12-15T14:42:37.067Z","participant40.json",1.64893333333333,1,0,1,1,7,4,6.5,6
"227","P_1768390450714_l2lhdn1","Experience","",33,"Male","Bachelor’s degree (e.g., BA, BS)","Multiple times/day",4,5,3,4,3,3,3,5,4,5,2,5,4,5,5,5,3,4,4,0,4,4,14151,1,0,2,4,3,4,5,5,4,5,4,5,50,50,4,4,0,-2,0,TRUE,"2026-01-14T11:34:10.715Z","2026-01-14T11:36:01.848Z","Participant41.json",0.23585,1,0,1,0,4.5,5,4,3.5
"228","P_1765868959124_r1vg0qb","Experience","",47,"Male","Master’s degree (e.g., MA, MS, MEd)","Daily",6,4,5,4,2,4,1,6,5,4,6,7,6,5,1,7,2,6,5,0,6,6,113952,1,1,2,6,6,2,6,6,2,1,6,7,88,90,6,6,1,-4,0,TRUE,"2025-12-16T07:09:19.125Z","2025-12-16T07:29:51.664Z","participant42.json",1.8992,1,0,1,1,5.5,3,4.5,5
"229","P_1765871351944_xvn9vuh","Experience","",35,"Female","Bachelor’s degree (e.g., BA, BS)","Weekly",3,1,2,5,3,5,1,7,7,7,7,7,6,5,3,6,1,7,6,1,3,5,63842,2,0,3,3,6,3,3,3,3,3,5,5,82,25,3,3,-1,0,-2,TRUE,"2025-12-16T07:49:11.945Z","2025-12-16T07:56:00.987Z","participant43.json",1.06403333333333,0,1,1,0,7,4,3.5,7
"230","P_1768547312298_04ckjqi","Sentient","",31,"Female","Bachelor’s degree (e.g., BA, BS)","Multiple times/day",5,5,6,6,3,3,4,5,6,5,5,3,4,5,4,5,2,6,6,0,5,5,29208,2,0,4,6,4,5,3,4,5,5,4,5,50,50,4,3,0,-1,1,TRUE,"2026-01-16T07:08:32.298Z","2026-01-16T07:10:40.554Z","Participant44.json",0.4868,0,1,1,0,5.5,4.5,3.5,5
"231","P_1765428796844_4sp8m92","Neutral","",30,"Female","Bachelor’s degree (e.g., BA, BS)","Monthly",5,4,5,6,5,5,1,5,4,6,5,6,4,5,6,3,4,5,5,0,4,3,496302,1,0,4,5,5,6,4,5,5,3,5,6,71,35,4,5,0,0,2,TRUE,"2025-12-11T04:53:16.844Z","2025-12-11T07:40:05.408Z","participant45.json",8.2717,0,1,0,0,4.5,5.5,3.5,5.5
"232","P_1765341323525_22yfgo3","Sentient","",32,"Female","Some college, no degree","Daily",4,4,1,7,4,4,6,6,6,4,4,1,6,4,7,4,4,7,7,0,2,4,409292,7,0,1,7,7,4,4,4,1,1,7,6,50,50,4,1,0,-1,3,TRUE,"2025-12-10T04:35:23.526Z","2025-12-10T04:57:22.670Z","participant46.json",6.82153333333333,0,1,1,0,6,5.5,4,4
"233","P_1765330211372_p3qs0j4","Sentient","",35,"Male","Some college, no degree","Daily",4,7,1,7,4,3,2,5,3,4,5,3,3,5,3,6,3,5,5,1,5,5,173943,5,1,5,5,5,5,5,5,5,5,5,5,64,64,5,5,0,0,0,TRUE,"2025-12-10T01:30:11.372Z","2025-12-10T01:44:21.123Z","participant47.json",2.89905,1,0,1,0,4,4,4.5,4.5
"234","P_1765341271182_9lmkxq6","Sentient","",33,"Male","Bachelor’s degree (e.g., BA, BS)","Weekly",4,1,7,7,7,7,1,6,7,7,7,4,6,5,7,4,4,4,4,0,4,4,249111,1,0,5,4,6,5,6,6,5,6,5,5,50,50,4,5,0,1,0,TRUE,"2025-12-10T04:34:31.183Z","2025-12-10T04:51:15.874Z","participant48.json",4.15185,1,0,1,0,6.5,6,4,7
"235","P_1765427500411_q00ps4w","Sentient","",25,"Male","Bachelor’s degree (e.g., BA, BS)","Daily",5,5,5,5,5,3,3,5,3,5,5,5,3,4,3,6,7,1,2,1,5,2,259508,5,0,2,5,2,2,5,5,3,5,5,5,33,69,2,6,-1,-3,3,TRUE,"2025-12-11T04:31:40.411Z","2025-12-11T04:42:15.553Z","participant49.json",4.32513333333333,1,0,1,0,4,3.5,6.5,5
"236","P_1765304861148_s490kjg","Experience","",41,"Female","Master’s degree (e.g., MA, MS, MEd)","Multiple times/day",4,7,3,4,2,6,5,6,7,3,3,5,2,5,3,7,4,7,7,1,2,6,566712,4,1,2,7,7,2,5,5,7,2,6,6,84,98,7,2,0,0,1,TRUE,"2025-12-09T18:27:41.148Z","2025-12-09T19:04:43.917Z","participant4a.json",9.4452,0,1,1,1,6.5,4,5.5,3
"237","P_1766089171132_iq9ebk0","Sentient","",52,"Male","Master’s degree (e.g., MA, MS, MEd)","Multiple times/day",5,3,6,5,5,7,6,5,5,5,6,3,5,1,1,6,3,6,2,1,2,4,110078,1,1,2,6,6,1,6,6,6,1,4,5,60,30,3,3,0,0,2,TRUE,"2025-12-18T20:19:31.139Z","2025-12-18T20:34:01.705Z","Participant5.json",1.83463333333333,1,0,1,1,5,1,4.5,5.5
"238","P_1765330348771_o3ivnqz","Neutral"," ",23,"Male","Associate degree (e.g., AA, AS)","Weekly",6,3,3,5,2,5,5,5,5,5,3,3,6,5,1,5,5,2,2,1,3,6,140547,2,1,3,6,3,3,2,2,4,1,3,5,40,38,3,5,0,0,0,TRUE,"2025-12-10T01:32:28.771Z","2025-12-10T01:49:17.241Z","participant50.json",2.34245,1,0,1,0,5,3,5,4
"239","P_1765338384198_gne2rgs","Experience","",31,"Female","Some college, no degree","Monthly",5,2,2,5,2,5,3,7,6,5,5,7,5,6,5,6,2,6,6,1,5,5,323412,1,0,5,5,3,3,5,5,3,3,6,6,50,50,6,6,-1,0,0,TRUE,"2025-12-10T03:46:24.198Z","2025-12-10T04:55:28.373Z","participant51.json",5.3902,0,1,0,0,6.5,5.5,4,5
"240","P_1765435995268_uw2uud4","Neutral","",31,"男","本科学士","每周",5,4,1,7,7,5,2,6,6,6,2,7,2,6,6,7,6,7,6,0,3,3,101710,1,1,4,4,4,4,4,4,4,4,4,4,50,50,4,4,1,1,1,TRUE,"2025-12-11T06:53:15.268Z","2025-12-11T07:54:44.763Z","participant52.json",1.69516666666667,1,0,1,0,6,6,6.5,4
"241","P_1765341695349_xg1gho6","Experience","",40,"Male","Some college, no degree","Weekly",5,2,6,5,5,4,4,6,5,5,6,6,2,3,3,5,4,5,6,0,2,5,1112463,3,0,5,5,5,3,3,4,5,2,6,6,80,90,3,2,0,3,0,TRUE,"2025-12-10T04:41:35.350Z","2025-12-10T05:22:26.041Z","participant53.json",18.54105,1,0,1,0,5.5,3,4.5,5.5
"242","P_1765342663518_oost50b","Experience","",27,"Female","Bachelor’s degree (e.g., BA, BS)","Weekly",6,3,5,6,5,6,4,6,6,6,7,6,2,6,2,2,2,5,5,1,3,6,424794,5,0,2,5,5,5,3,3,1,1,5,4,60,70,7,2,-1,-1,-1,TRUE,"2025-12-10T04:57:43.518Z","2025-12-10T05:13:48.042Z","participant54.json",7.0799,0,1,1,0,6,4,2,6.5
"243","P_1767654478381_lhjph77","Neutral","",31,"Male","Bachelor’s degree (e.g., BA, BS)","Weekly",3,3,3,3,4,5,4,6,5,5,3,4,5,6,6,5,5,6,4,0,6,5,1267930,8,0,4,5,3,6,3,5,4,3,6,6,40,60,6,5,0,-2,0,TRUE,"2026-01-05T23:07:58.382Z","2026-01-05T23:44:07.695Z","participant55.json",21.1321666666667,1,0,1,0,5.5,6,5,4
"244","P_1768511102228_6zzcbas","Neutral","",36,"Female","Master’s degree (e.g., MA, MS, MEd)","Daily",4,3,5,3,1,4,3,5,5,5,5,7,3,6,1,4,3,3,3,0,2,6,420503,13,1,3,6,2,4,4,3,1,2,4,5,87,59,3,5,1,1,0,TRUE,"2026-01-15T21:05:02.229Z","2026-01-15T21:24:58.999Z","participant56.json",7.00838333333333,0,1,1,1,5,3.5,3.5,5
"245","P_1768439649801_1dw1hew","Sentient","",45,"Male","Doctorate (e.g., PhD, EdD)","Daily",6,2,2,2,2,6,3,5,5,4,6,6,2,4,4,5,3,5,6,0,4,7,193240,9,1,1,7,6,1,3,5,2,1,5,2,94,67,3,1,1,-3,0,TRUE,"2026-01-15T01:14:09.801Z","2026-01-15T01:23:48.968Z","participant57.json",3.22066666666667,1,0,1,1,5,4,4,5
"246","P_1768442864376_ayecsjd","Neutral","",19,"Female","High school graduate or equivalent (e.g., GED)","Monthly",2,4,3,4,3,6,6,6,7,6,7,6,4,3,4,4,2,3,3,1,3,6,959783,7,1,2,5,2,4,1,2,4,4,5,6,65,19,3,4,0,-1,-1,TRUE,"2026-01-15T02:40:26.035Z","2026-01-15T03:01:34.124Z","participant58.json",15.9963833333333,0,1,0,0,6.5,3.5,3,6.5
"247","P_1768442860676_ctowgjd","Neutral","",40,"Male","Master’s degree (e.g., MA, MS, MEd)","Weekly",4,5,4,6,4,6,3,7,7,7,6,6,4,4,5,5,3,6,4,0,6,5,745425,6,0,4,7,2,4,2,1,2,3,2,3,70,34,2,1,0,-2,2,TRUE,"2026-01-15T02:07:40.676Z","2026-01-15T02:32:18.100Z","participant59.json",12.42375,1,0,1,1,7,4.5,4,6.5
"248","P_1765315252514_32ffixl","Sentient","",37,"Female","Master’s degree (e.g., MA, MS, MEd)","Monthly",5,2,3,5,5,5,2,7,6,5,5,6,3,5,3,6,3,5,6,0,3,6,582347,5,0,2,6,6,5,4,6,7,7,5,4,88,69,6,2,0,-1,0,TRUE,"2025-12-09T21:20:52.516Z","2025-12-09T21:40:48.092Z","participant5a.json",9.70578333333333,0,1,0,1,6.5,4,4.5,5
"249","P_1765727081074_sdzocgw","Sentient","",35,"Female","Bachelor’s degree (e.g., BA, BS)","Weekly",3,5,5,2,3,5,1,6,6,5,6,6,4,7,6,7,5,7,6,1,1,6,652604,8,1,1,6,7,1,7,2,1,1,2,2,35,35,6,2,0,0,0,TRUE,"2025-12-14T15:44:41.076Z","2025-12-14T16:12:01.802Z","participant6.json",10.8767333333333,0,1,1,0,6,6.5,6,5.5
"250","P_1768507410623_g3focyh","Sentient","",32,"Female","Master’s degree (e.g., MA, MS, MEd)","Weekly",6,2,2,3,2,6,4,4,6,4,6,2,1,4,5,4,4,3,5,1,2,7,447526,10,1,1,7,6,1,4,5,5,1,5,3,76,23,5,1,0,-1,0,TRUE,"2026-01-15T20:03:30.623Z","2026-01-15T22:30:07.570Z","participant60.json",7.45876666666667,0,1,1,1,5,4.5,4,5
"251","P_1768518187837_6tsd1k2","Sentient","",24,"Male","Bachelor’s degree (e.g., BA, BS)","Weekly",3,1,2,5,1,6,2,5,5,3,6,2,2,5,5,6,5,3,5,0,2,6,542853,14,0,1,5,6,2,3,6,5,1,2,3,50,10,4,1,0,-1,-1,TRUE,"2026-01-15T23:03:07.838Z","2026-01-15T23:25:17.805Z","participant61.json",9.04755,1,0,1,0,5,5,5.5,4.5
"252","P_1765782882732_hkbmxvb","Experience","",45,"Male","Professional degree (e.g., MD, DDS, DVM)","Daily",4,7,7,7,7,7,7,4,4,4,4,2,2,4,4,3,2,6,2,0,6,6,54405,2,0,6,6,6,6,6,1,7,7,7,7,50,50,7,1,0,0,0,TRUE,"2025-12-15T07:14:42.732Z","2025-12-15T07:21:56.433Z","participant8.json",0.90675,1,0,1,1,4,4,2.5,4
"253","P_1767221069919_rezw14q","Experience","",19,"Female","Less than high school","Never",2,1,2,1,2,4,3,6,3,2,6,6,2,3,7,6,7,4,5,1,1,4,697067,7,0,6,2,6,7,3,4,2,1,5,3,0,50,2,1,-1,5,-2,TRUE,"2025-12-31T22:44:29.921Z","2025-12-31T23:11:41.413Z","participant9.json",11.6177833333333,0,1,0,0,4.5,5,6.5,4
"254","P_1765095654597_34dtn9g","Experience","",34,"Female","Bachelor’s degree (e.g., BA, BS)","Multiple times/day",4,5,5,5,3,6,5,5,5,5,5,5,2,5,5,3,5,5,3,0,6,2,1454039,10,1,3,5,5,3,6,6,5,3,6,6,70,80,6,5,1,-3,3,TRUE,"2025-12-07T08:20:54.598Z","2025-12-07T09:10:54.560Z","participantBrenda Bian.json",24.2339833333333,0,1,1,0,5,5,4,5
"255","P_1765818789971_yfe5m8g","Experience","",38,"Male","Bachelor’s degree (e.g., BA, BS)","Monthly",5,1,1,1,1,6,5,5,5,5,6,2,3,5,2,6,4,5,3,1,1,7,433263,4,1,1,7,6,1,1,3,4,1,2,3,50,25,4,1,0,0,0,TRUE,"2025-12-15T17:13:09.971Z","2025-12-15T17:58:40.764Z","participantDionisio.json",7.22105,1,0,0,0,5,3.5,5,5.5
"256","P_1765296118062_j3z0kmt","Neutral","",32,"Female","Bachelor’s degree (e.g., BA, BS)","Multiple times/day",3,5,4,5,4,5,2,5,5,5,5,6,5,5,5,6,4,5,5,0,4,4,284549,2,0,3,4,5,4,5,5,5,3,5,5,60,40,4,5,0,-1,0,TRUE,"2025-12-09T16:01:58.063Z","2025-12-10T05:27:07.165Z","participantLisa.json",4.74248333333333,0,1,1,0,5,5,5,5
"257","P_1765097010784_xwjem5v","Sentient","",41,"Male","Associate degree (e.g., AA, AS)","Multiple times/day",5,1,2,2,2,5,2,1,1,1,1,3,4,2,6,6,5,4,5,0,1,7,600663,11,1,1,7,4,1,7,2,1,1,5,5,75,0,1,1,1,0,0,TRUE,"2025-12-07T08:43:30.784Z","2025-12-07T09:02:12.834Z","participantLouis.json",10.01105,1,0,1,0,1,4,5.5,1
"258","P_1765811762684_0k4x9pl","Neutral","",31,"Female","Bachelor’s degree (e.g., BA, BS)","Multiple times/day",4,1,1,1,2,4,1,7,7,7,7,7,7,4,1,7,7,6,7,1,1,7,481638,5,1,7,7,4,1,1,7,7,1,1,2,15,15,4,1,0,6,0,TRUE,"2025-12-15T15:16:02.685Z","2025-12-15T15:34:04.490Z","participantMezab.json",8.0273,0,1,1,0,7,2.5,7,7
"259","P_1767033582019_qd18tbf","Sentient","",53,"Male","Bachelor’s degree (e.g., BA, BS)","Weekly",7,1,1,5,1,7,7,6,6,7,6,7,7,6,1,7,1,7,6,1,3,7,1605852,6,0,6,7,1,1,7,7,1,1,7,7,100,62,7,2,-1,3,0,TRUE,"2025-12-29T18:39:42.022Z","2025-12-29T19:25:03.297Z","Rui Answer.json",26.7642,1,0,1,0,6,3.5,4,6.5
"260","P_1767715599811_oee1f0l","Experience","",28,"Female","Bachelor’s degree (e.g., BA, BS)","Multiple times/day",4,1,1,3,2,5,1,7,6,4,4,5,5,3,7,7,7,7,7,1,1,7,60948,2,1,1,7,1,1,1,1,1,1,4,4,50,0,1,1,0,0,0,TRUE,"2026-01-06T16:06:39.811Z","2026-01-06T16:13:02.447Z","Sissie Chen Personal - participant_P_1767715599811_oee1f0l_data.json",1.0158,0,1,1,0,6.5,5,7,4
